marketplace,method,path,hosts,operation_id,status,shutdown_date,replacement,deprecated,section,category,tags,tokens,readonly,source_file,status_evidence
wildberries,PATCH,/adv/v0/auction/nms,"[""advert-api.wildberries.ru""]",patchV0AuctionNms,CURRENT,,,False,Маркетинг и продвижение,advert,,[],False,08-promotion.yaml,[]
wildberries,PUT,/adv/v0/auction/placements,"[""advert-api.wildberries.ru""]",putV0AuctionPlacements,CURRENT,,,False,Маркетинг и продвижение,advert,,[],False,08-promotion.yaml,[]
wildberries,GET,/adv/v0/delete,"[""advert-api.wildberries.ru""]",getV0Delete,CURRENT,,,False,Маркетинг и продвижение,advert,,[],False,08-promotion.yaml,[]
wildberries,DELETE,/adv/v0/normquery/bids,"[""advert-api.wildberries.ru""]",deleteV0NormqueryBids,CURRENT,,,False,Маркетинг и продвижение,advert,,[],False,08-promotion.yaml,[]
wildberries,POST,/adv/v0/normquery/bids,"[""advert-api.wildberries.ru""]",postV0NormqueryBids,CURRENT,,,False,Маркетинг и продвижение,advert,,[],False,08-promotion.yaml,[]
wildberries,POST,/adv/v0/normquery/get-bids,"[""advert-api.wildberries.ru""]",postV0NormqueryGetBids,CURRENT,,,False,Маркетинг и продвижение,advert,,[],True,08-promotion.yaml,[]
wildberries,POST,/adv/v0/normquery/get-minus,"[""advert-api.wildberries.ru""]",postV0NormqueryGetMinus,CURRENT,,,False,Маркетинг и продвижение,advert,,[],True,08-promotion.yaml,[]
wildberries,POST,/adv/v0/normquery/list,"[""advert-api.wildberries.ru""]",postV0NormqueryList,CURRENT,,,False,Маркетинг и продвижение,advert,,[],True,08-promotion.yaml,[]
wildberries,POST,/adv/v0/normquery/set-minus,"[""advert-api.wildberries.ru""]",postV0NormquerySetMinus,CURRENT,,,False,Маркетинг и продвижение,advert,,[],False,08-promotion.yaml,[]
wildberries,POST,/adv/v0/normquery/stats,"[""advert-api.wildberries.ru""]",postV0NormqueryStats,CURRENT,,,False,Маркетинг и продвижение,advert,,[],True,08-promotion.yaml,[]
wildberries,GET,/adv/v0/pause,"[""advert-api.wildberries.ru""]",getV0Pause,CURRENT,,,False,Маркетинг и продвижение,advert,,[],False,08-promotion.yaml,[]
wildberries,POST,/adv/v0/rename,"[""advert-api.wildberries.ru""]",postV0Rename,CURRENT,,,False,Маркетинг и продвижение,advert,,[],False,08-promotion.yaml,[]
wildberries,GET,/adv/v0/start,"[""advert-api.wildberries.ru""]",getV0Start,CURRENT,,,False,Маркетинг и продвижение,advert,,[],False,08-promotion.yaml,[]
wildberries,GET,/adv/v0/stop,"[""advert-api.wildberries.ru""]",getV0Stop,CURRENT,,,False,Маркетинг и продвижение,advert,,[],False,08-promotion.yaml,[]
wildberries,GET,/adv/v1/advert,"[""advert-media-api.wildberries.ru""]",getV1Advert,CURRENT,,,False,Маркетинг и продвижение,advert,,[],True,08-promotion.yaml,[]
wildberries,GET,/adv/v1/adverts,"[""advert-media-api.wildberries.ru""]",getV1Adverts,CURRENT,,,False,Маркетинг и продвижение,advert,,[],True,08-promotion.yaml,[]
wildberries,GET,/adv/v1/balance,"[""advert-api.wildberries.ru""]",getV1Balance,CURRENT,,,False,Маркетинг и продвижение,advert,,[],True,08-promotion.yaml,[]
wildberries,GET,/adv/v1/budget,"[""advert-api.wildberries.ru""]",getV1Budget,CURRENT,,,False,Маркетинг и продвижение,advert,,[],True,08-promotion.yaml,[]
wildberries,POST,/adv/v1/budget/deposit,"[""advert-api.wildberries.ru""]",postV1BudgetDeposit,CURRENT,,,False,Маркетинг и продвижение,advert,,[],False,08-promotion.yaml,[]
wildberries,GET,/adv/v1/count,"[""advert-media-api.wildberries.ru""]",getV1Count,CURRENT,,,False,Маркетинг и продвижение,advert,,[],True,08-promotion.yaml,[]
wildberries,POST,/adv/v1/normquery/stats,"[""advert-api.wildberries.ru""]",postV1NormqueryStats,CURRENT,,,False,Маркетинг и продвижение,advert,,[],True,08-promotion.yaml,[]
wildberries,GET,/adv/v1/payments,"[""advert-api.wildberries.ru""]",getV1Payments,CURRENT,,,False,Маркетинг и продвижение,advert,,[],True,08-promotion.yaml,[]
wildberries,GET,/adv/v1/promotion/count,"[""advert-api.wildberries.ru""]",getV1PromotionCount,CURRENT,,,False,Маркетинг и продвижение,advert,,[],True,08-promotion.yaml,[]
wildberries,POST,/adv/v1/stats,"[""advert-media-api.wildberries.ru""]",postV1Stats,CURRENT,,,False,Маркетинг и продвижение,advert,,[],True,08-promotion.yaml,[]
wildberries,GET,/adv/v1/supplier/subjects,"[""advert-api.wildberries.ru""]",getV1SupplierSubjects,CURRENT,,,False,Маркетинг и продвижение,advert,,[],True,08-promotion.yaml,[]
wildberries,GET,/adv/v1/upd,"[""advert-api.wildberries.ru""]",getV1Upd,CURRENT,,,False,Маркетинг и продвижение,advert,,[],True,08-promotion.yaml,[]
wildberries,POST,/adv/v2/seacat/save-ad,"[""advert-api.wildberries.ru""]",postV2SeacatSaveAd,CURRENT,,,False,Маркетинг и продвижение,advert,,[],False,08-promotion.yaml,[]
wildberries,POST,/adv/v2/supplier/nms,"[""advert-api.wildberries.ru""]",postV2SupplierNms,CURRENT,,,False,Маркетинг и продвижение,advert,,[],True,08-promotion.yaml,[]
wildberries,GET,/adv/v3/fullstats,"[""advert-api.wildberries.ru""]",getV3Fullstats,CURRENT,,,False,Маркетинг и продвижение,advert,,[],True,08-promotion.yaml,[]
wildberries,GET,/api/advert/v0/bids/recommendations,"[""advert-api.wildberries.ru""]",getV0BidsRecommendations,CURRENT,,,False,Маркетинг и продвижение,advert,,[],True,08-promotion.yaml,[]
wildberries,PATCH,/api/advert/v1/bids,"[""advert-api.wildberries.ru""]",patchV1Bids,CURRENT,,,False,Маркетинг и продвижение,advert,,[],False,08-promotion.yaml,[]
wildberries,POST,/api/advert/v1/bids/min,"[""advert-api.wildberries.ru""]",postV1BidsMin,CURRENT,,,False,Маркетинг и продвижение,advert,,[],True,08-promotion.yaml,[]
wildberries,GET,/api/advert/v1/config,"[""advert-api.wildberries.ru""]",getV1Config,CURRENT,,,False,Маркетинг и продвижение,advert,,"[""personal"",""service""]",True,08-promotion.yaml,[]
wildberries,POST,/api/advert/v1/normquery/bids,"[""advert-api.wildberries.ru""]",postV1NormqueryBids,CURRENT,,,False,Маркетинг и продвижение,advert,,"[""personal"",""service""]",False,08-promotion.yaml,[]
wildberries,GET,/api/advert/v2/adverts,"[""advert-api.wildberries.ru""]",getV2Adverts,CURRENT,,,False,Маркетинг и продвижение,advert,,[],True,08-promotion.yaml,[]
wildberries,GET,/api/analytics/v1/deductions,"[""seller-analytics-api.wildberries.ru""]",getV1Deductions,CURRENT,,,False,Отчёты,contentanalytics,,[],True,12-reports.yaml,[]
wildberries,GET,/api/analytics/v1/measurement-penalties,"[""seller-analytics-api.wildberries.ru""]",getV1MeasurementPenalties,CURRENT,,,False,Отчёты,contentanalytics,,[],True,12-reports.yaml,[]
wildberries,POST,/api/analytics/v1/order-feed,"[""seller-analytics-api.wildberries.ru""]",postV1OrderFeed,CURRENT,,,False,Аналитика и данные,contentanalytics,,[],True,11-analytics.yaml,[]
wildberries,POST,/api/analytics/v1/stocks-report/seller-warehouses,"[""seller-analytics-api.wildberries.ru""]",postAnalyticsV1StocksReportSellerWarehouses,CURRENT,,,False,Аналитика и данные,contentanalytics,,"[""personal"",""service""]",True,11-analytics.yaml,[]
wildberries,POST,/api/analytics/v1/stocks-report/wb-warehouses,"[""seller-analytics-api.wildberries.ru""]",postV1StocksReportWbWarehouses,CURRENT,,,False,Аналитика и данные,contentanalytics,,"[""personal"",""service"",""base-with-secret""]",True,11-analytics.yaml,[]
wildberries,GET,/api/analytics/v1/warehouse-measurements,"[""seller-analytics-api.wildberries.ru""]",getV1WarehouseMeasurements,CURRENT,,,False,Отчёты,contentanalytics,,[],True,12-reports.yaml,[]
wildberries,POST,/api/analytics/v2/item-rating,"[""seller-analytics-api.wildberries.ru""]",postV2ItemRating,CURRENT,,,False,Аналитика и данные,contentanalytics,,"[""personal"",""service""]",True,11-analytics.yaml,[]
wildberries,POST,/api/analytics/v3/sales-funnel/grouped/history,"[""seller-analytics-api.wildberries.ru""]",postV3SalesFunnelGroupedHistory,CURRENT,,,False,Аналитика и данные,contentanalytics,,[],True,11-analytics.yaml,[]
wildberries,POST,/api/analytics/v3/sales-funnel/products,"[""seller-analytics-api.wildberries.ru""]",postV3SalesFunnelProducts,CURRENT,,,False,Аналитика и данные,contentanalytics,,[],True,11-analytics.yaml,[]
wildberries,POST,/api/analytics/v3/sales-funnel/products/history,"[""seller-analytics-api.wildberries.ru""]",postV3SalesFunnelProductsHistory,CURRENT,,,False,Аналитика и данные,contentanalytics,,[],True,11-analytics.yaml,[]
wildberries,GET,/api/common/v1/rating,"[""feedbacks-api.wildberries.ru""]",getV1Rating,CURRENT,,,False,Общее,questionsandfeedback,,"[""service""]",True,01-general.yaml,[]
wildberries,GET,/api/common/v1/subscriptions,"[""common-api.wildberries.ru""]",getV1Subscriptions,CURRENT,,,False,Общее,commonapi,,"[""service""]",True,01-general.yaml,[]
wildberries,GET,/api/common/v1/tariff-constructor/options,"[""common-api.wildberries.ru""]",getV1TariffConstructorOptions,CURRENT,,,False,Общее,commonapi,,"[""service""]",True,01-general.yaml,[]
wildberries,GET,/api/communications/v2/news,"[""common-api.wildberries.ru""]",getV2News,CURRENT,,,False,Общее,commonapi,,[],True,01-general.yaml,[]
wildberries,GET,/api/content/v1/brands,"[""content-api.wildberries.ru""]",,CURRENT,,,False,Работа с товарами,content,,[],True,02-items.yaml,[]
wildberries,POST,/api/content/v1/recommendations/list,"[""content-api.wildberries.ru""]",postV1RecommendationsList,CURRENT,,,False,Работа с товарами,content,,"[""personal"",""service""]",True,02-items.yaml,[]
wildberries,POST,/api/content/v1/recommendations/set,"[""content-api.wildberries.ru""]",postV1RecommendationsSet,CURRENT,,,False,Работа с товарами,content,,"[""personal"",""service""]",False,02-items.yaml,[]
wildberries,POST,/api/discounts-prices/v1/upload/task/b2b/wholesale,"[""discounts-prices-api.wildberries.ru""]",postV1UploadTaskB2bWholesale,CURRENT,,,False,Работа с товарами,discountsandprices,,"[""personal"",""service""]",False,02-items.yaml,[]
wildberries,DELETE,/api/feedbacks/v1/pins,"[""feedbacks-api.wildberries.ru""]",deleteFeedbacksV1Pins,CURRENT,,,False,Общение с покупателями,questionsandfeedback,,[],False,09-communications.yaml,[]
wildberries,GET,/api/feedbacks/v1/pins,"[""feedbacks-api.wildberries.ru""]",getFeedbacksV1Pins,CURRENT,,,False,Общение с покупателями,questionsandfeedback,,[],True,09-communications.yaml,[]
wildberries,POST,/api/feedbacks/v1/pins,"[""feedbacks-api.wildberries.ru""]",postFeedbacksV1Pins,CURRENT,,,False,Общение с покупателями,questionsandfeedback,,[],False,09-communications.yaml,[]
wildberries,GET,/api/feedbacks/v1/pins/count,"[""feedbacks-api.wildberries.ru""]",getFeedbacksV1PinsCount,CURRENT,,,False,Общение с покупателями,questionsandfeedback,,[],True,09-communications.yaml,[]
wildberries,GET,/api/feedbacks/v1/pins/limits,"[""feedbacks-api.wildberries.ru""]",getFeedbacksV1PinsLimits,CURRENT,,,False,Общение с покупателями,questionsandfeedback,,[],True,09-communications.yaml,[]
wildberries,POST,/api/finance/v1/acquiring/detailed,"[""finance-api.wildberries.ru""]",postV1AcquiringDetailed,CURRENT,,,False,Документы и бухгалтерия,finance,,"[""personal"",""service""]",True,13-finances.yaml,[]
wildberries,POST,/api/finance/v1/acquiring/detailed/{reportId},"[""finance-api.wildberries.ru""]",postV1AcquiringDetailedReportId,CURRENT,,,False,Документы и бухгалтерия,finance,,"[""personal"",""service""]",True,13-finances.yaml,[]
wildberries,POST,/api/finance/v1/acquiring/list,"[""finance-api.wildberries.ru""]",postV1AcquiringList,CURRENT,,,False,Документы и бухгалтерия,finance,,"[""personal"",""service""]",True,13-finances.yaml,[]
wildberries,POST,/api/finance/v1/sales-reports/detailed,"[""finance-api.wildberries.ru""]",postV1SalesReportsDetailed,CURRENT,,,False,Документы и бухгалтерия,finance,,[],True,13-finances.yaml,[]
wildberries,POST,/api/finance/v1/sales-reports/detailed/{reportId},"[""finance-api.wildberries.ru""]",postV1SalesReportsDetailedReportId,CURRENT,,,False,Документы и бухгалтерия,finance,,"[""personal"",""service""]",True,13-finances.yaml,[]
wildberries,POST,/api/finance/v1/sales-reports/list,"[""finance-api.wildberries.ru""]",postV1SalesReportsList,CURRENT,,,False,Документы и бухгалтерия,finance,,"[""personal"",""service""]",True,13-finances.yaml,[]
wildberries,POST,/api/marketplace/v3/click-collect/orders/final-price,"[""marketplace-api.wildberries.ru""]",postV3ClickCollectOrdersFinalPrice,CURRENT,,,False,Самовывоз,marketplace,,[],True,06-in-store-pickup.yaml,[]
wildberries,POST,/api/marketplace/v3/click-collect/orders/meta/customs-declaration,"[""marketplace-api.wildberries.ru""]",postV3ClickCollectOrdersMetaCustomsDeclaration,CURRENT,,,False,Самовывоз,marketplace,,[],False,06-in-store-pickup.yaml,[]
wildberries,POST,/api/marketplace/v3/click-collect/orders/meta/delete,"[""marketplace-api.wildberries.ru""]",postV3ClickCollectOrdersMetaDelete,CURRENT,,,False,Самовывоз,marketplace,,[],False,06-in-store-pickup.yaml,[]
wildberries,POST,/api/marketplace/v3/click-collect/orders/meta/details,"[""marketplace-api.wildberries.ru""]",postV3ClickCollectOrdersMetaDetails,CURRENT,,,False,Самовывоз,marketplace,,[],True,06-in-store-pickup.yaml,[]
wildberries,POST,/api/marketplace/v3/click-collect/orders/meta/gtin,"[""marketplace-api.wildberries.ru""]",postV3ClickCollectOrdersMetaGtin,CURRENT,,,False,Самовывоз,marketplace,,[],False,06-in-store-pickup.yaml,[]
wildberries,POST,/api/marketplace/v3/click-collect/orders/meta/imei,"[""marketplace-api.wildberries.ru""]",postV3ClickCollectOrdersMetaImei,CURRENT,,,False,Самовывоз,marketplace,,[],False,06-in-store-pickup.yaml,[]
wildberries,POST,/api/marketplace/v3/click-collect/orders/meta/sgtin,"[""marketplace-api.wildberries.ru""]",postV3ClickCollectOrdersMetaSgtin,CURRENT,,,False,Самовывоз,marketplace,,[],False,06-in-store-pickup.yaml,[]
wildberries,POST,/api/marketplace/v3/click-collect/orders/meta/uin,"[""marketplace-api.wildberries.ru""]",postV3ClickCollectOrdersMetaUin,CURRENT,,,False,Самовывоз,marketplace,,[],False,06-in-store-pickup.yaml,[]
wildberries,POST,/api/marketplace/v3/click-collect/orders/status/cancel,"[""marketplace-api.wildberries.ru""]",postV3ClickCollectOrdersStatusCancel,CURRENT,,,False,Самовывоз,marketplace,,[],False,06-in-store-pickup.yaml,[]
wildberries,POST,/api/marketplace/v3/click-collect/orders/status/confirm,"[""marketplace-api.wildberries.ru""]",postV3ClickCollectOrdersStatusConfirm,CURRENT,,,False,Самовывоз,marketplace,,[],False,06-in-store-pickup.yaml,[]
wildberries,POST,/api/marketplace/v3/click-collect/orders/status/info,"[""marketplace-api.wildberries.ru""]",postV3ClickCollectOrdersStatusInfo,CURRENT,,,False,Самовывоз,marketplace,,[],True,06-in-store-pickup.yaml,[]
wildberries,POST,/api/marketplace/v3/click-collect/orders/status/prepare,"[""marketplace-api.wildberries.ru""]",postV3ClickCollectOrdersStatusPrepare,CURRENT,,,False,Самовывоз,marketplace,,[],False,06-in-store-pickup.yaml,[]
wildberries,POST,/api/marketplace/v3/click-collect/orders/status/receive,"[""marketplace-api.wildberries.ru""]",postV3ClickCollectOrdersStatusReceive,CURRENT,,,False,Самовывоз,marketplace,,[],False,06-in-store-pickup.yaml,[]
wildberries,POST,/api/marketplace/v3/click-collect/orders/status/reject,"[""marketplace-api.wildberries.ru""]",postV3ClickCollectOrdersStatusReject,CURRENT,,,False,Самовывоз,marketplace,,[],False,06-in-store-pickup.yaml,[]
wildberries,POST,/api/marketplace/v3/dbs/orders/b2b/info,"[""marketplace-api.wildberries.ru""]",postV3DbsOrdersB2bInfo,CURRENT,,,False,DBS,marketplace,,[],True,05-dbs.yaml,[]
wildberries,POST,/api/marketplace/v3/dbs/orders/final-price,"[""marketplace-api.wildberries.ru""]",postV3DbsOrdersFinalPrice,CURRENT,,,False,DBS,marketplace,,[],True,05-dbs.yaml,[]
wildberries,POST,/api/marketplace/v3/dbs/orders/meta/customs-declaration,"[""marketplace-api.wildberries.ru""]",postV3DbsOrdersMetaCustomsDeclaration,CURRENT,,,False,DBS,marketplace,,[],False,05-dbs.yaml,[]
wildberries,POST,/api/marketplace/v3/dbs/orders/meta/delete,"[""marketplace-api.wildberries.ru""]",postV3DbsOrdersMetaDelete,CURRENT,,,False,DBS,marketplace,,[],False,05-dbs.yaml,[]
wildberries,POST,/api/marketplace/v3/dbs/orders/meta/details,"[""marketplace-api.wildberries.ru""]",postV3DbsOrdersMetaDetails,CURRENT,,,False,DBS,marketplace,,[],True,05-dbs.yaml,[]
wildberries,POST,/api/marketplace/v3/dbs/orders/meta/gtin,"[""marketplace-api.wildberries.ru""]",postV3DbsOrdersMetaGtin,CURRENT,,,False,DBS,marketplace,,[],False,05-dbs.yaml,[]
wildberries,POST,/api/marketplace/v3/dbs/orders/meta/imei,"[""marketplace-api.wildberries.ru""]",postV3DbsOrdersMetaImei,CURRENT,,,False,DBS,marketplace,,[],False,05-dbs.yaml,[]
wildberries,POST,/api/marketplace/v3/dbs/orders/meta/sgtin,"[""marketplace-api.wildberries.ru""]",postV3DbsOrdersMetaSgtin,CURRENT,,,False,DBS,marketplace,,[],False,05-dbs.yaml,[]
wildberries,POST,/api/marketplace/v3/dbs/orders/meta/uin,"[""marketplace-api.wildberries.ru""]",postV3DbsOrdersMetaUin,CURRENT,,,False,DBS,marketplace,,[],False,05-dbs.yaml,[]
wildberries,POST,/api/marketplace/v3/dbs/orders/status/cancel,"[""marketplace-api.wildberries.ru""]",postV3DbsOrdersStatusCancel,CURRENT,,,False,DBS,marketplace,,[],False,05-dbs.yaml,[]
wildberries,POST,/api/marketplace/v3/dbs/orders/status/confirm,"[""marketplace-api.wildberries.ru""]",postV3DbsOrdersStatusConfirm,CURRENT,,,False,DBS,marketplace,,[],False,05-dbs.yaml,[]
wildberries,POST,/api/marketplace/v3/dbs/orders/status/deliver,"[""marketplace-api.wildberries.ru""]",postV3DbsOrdersStatusDeliver,CURRENT,,,False,DBS,marketplace,,[],False,05-dbs.yaml,[]
wildberries,POST,/api/marketplace/v3/dbs/orders/status/info,"[""marketplace-api.wildberries.ru""]",postV3DbsOrdersStatusInfo,CURRENT,,,False,DBS,marketplace,,[],True,05-dbs.yaml,[]
wildberries,POST,/api/marketplace/v3/dbs/orders/status/receive,"[""marketplace-api.wildberries.ru""]",postV3DbsOrdersStatusReceive,CURRENT,,,False,DBS,marketplace,,[],False,05-dbs.yaml,[]
wildberries,POST,/api/marketplace/v3/dbs/orders/status/reject,"[""marketplace-api.wildberries.ru""]",postV3DbsOrdersStatusReject,CURRENT,,,False,DBS,marketplace,,[],False,05-dbs.yaml,[]
wildberries,POST,/api/marketplace/v3/dbs/orders/stickers,"[""marketplace-api.wildberries.ru""]",postV3DbsOrdersStickers,CURRENT,,,False,DBS,marketplace,,"[""personal"",""service"",""base-with-secret""]",True,05-dbs.yaml,[]
wildberries,POST,/api/marketplace/v3/dbw/orders/client,"[""marketplace-api.wildberries.ru""]",postV3DbwOrdersClient,CURRENT,,,False,Заказы DBW,marketplace,,[],True,04-orders-dbw.yaml,[]
wildberries,POST,/api/marketplace/v3/dbw/orders/meta/delete,"[""marketplace-api.wildberries.ru""]",postV3DbwOrdersMetaDelete,CURRENT,,,False,Заказы DBW,marketplace,,[],False,04-orders-dbw.yaml,[]
wildberries,POST,/api/marketplace/v3/dbw/orders/meta/details,"[""marketplace-api.wildberries.ru""]",postV3DbwOrdersMetaDetails,CURRENT,,,False,Заказы DBW,marketplace,,[],True,04-orders-dbw.yaml,[]
wildberries,POST,/api/marketplace/v3/dbw/orders/meta/sgtin,"[""marketplace-api.wildberries.ru""]",postV3DbwOrdersMetaSgtin,CURRENT,,,False,Заказы DBW,marketplace,,[],False,04-orders-dbw.yaml,[]
wildberries,POST,/api/marketplace/v3/dbw/orders/status/deliver,"[""marketplace-api.wildberries.ru""]",postV3DbwOrdersStatusDeliver,CURRENT,,,False,Заказы DBW,marketplace,,[],False,04-orders-dbw.yaml,[]
wildberries,GET,/api/marketplace/v3/fbs/orders/archive,"[""marketplace-api.wildberries.ru""]",,CURRENT,,,False,Заказы FBS,marketplace,,[],True,03-orders-fbs.yaml,[]
wildberries,GET,/api/marketplace/v3/fbs/settings/autoreturns,"[""marketplace-api.wildberries.ru""]",getMarketplaceV3FbsSettingsAutoreturns,CURRENT,,,False,Заказы FBS,marketplace,,"[""personal""]",True,03-orders-fbs.yaml,[]
wildberries,PATCH,/api/marketplace/v3/fbs/settings/autoreturns,"[""marketplace-api.wildberries.ru""]",patchMarketplaceV3FbsSettingsAutoreturns,CURRENT,,,False,Заказы FBS,marketplace,,"[""personal""]",False,03-orders-fbs.yaml,[]
wildberries,PATCH,/api/marketplace/v3/fbs/settings/autoreturns/items,"[""marketplace-api.wildberries.ru""]",patchMarketplaceV3FbsSettingsAutoreturnsItems,CURRENT,,,False,Заказы FBS,marketplace,,"[""personal""]",False,03-orders-fbs.yaml,[]
wildberries,POST,/api/marketplace/v3/fbs/settings/autoreturns/items,"[""marketplace-api.wildberries.ru""]",postMarketplaceV3FbsSettingsAutoreturnsItems,CURRENT,,,False,Заказы FBS,marketplace,,"[""personal""]",True,03-orders-fbs.yaml,[]
wildberries,GET,/api/marketplace/v3/fbs/settings/autoreturns/subcategories/restricted,"[""marketplace-api.wildberries.ru""]",getMarketplaceV3FbsSettingsAutoreturnsSubcategoriesRestricted,CURRENT,,,False,Заказы FBS,marketplace,,"[""personal""]",True,03-orders-fbs.yaml,[]
wildberries,POST,/api/marketplace/v3/orders/meta,"[""marketplace-api.wildberries.ru""]",,CURRENT,,,False,Заказы FBS,marketplace,,[],True,03-orders-fbs.yaml,[]
wildberries,PUT,/api/marketplace/v3/orders/{orderId}/meta/customs-declaration,"[""marketplace-api.wildberries.ru""]",,CURRENT,,,False,Заказы FBS,marketplace,,[],False,03-orders-fbs.yaml,[]
wildberries,GET,/api/marketplace/v3/supplies/{supplyId}/order-ids,"[""marketplace-api.wildberries.ru""]",,CURRENT,,,False,Заказы FBS,marketplace,,[],True,03-orders-fbs.yaml,[]
wildberries,PATCH,/api/marketplace/v3/supplies/{supplyId}/orders,"[""marketplace-api.wildberries.ru""]",,CURRENT,,,False,Заказы FBS,marketplace,,[],False,03-orders-fbs.yaml,[]
wildberries,GET,/api/tariffs/v1/acceptance/coefficients,"[""common-api.wildberries.ru""]",getV1AcceptanceCoefficients,CURRENT,,,False,Тарифы,commonapi,,[],True,10-rates.yaml,[]
wildberries,POST,/api/v1/acceptance/options,"[""supplies-api.wildberries.ru""]",postV1AcceptanceOptions,CURRENT,,,False,Поставки FBW,supplies,,[],True,07-orders-fbw.yaml,[]
wildberries,GET,/api/v1/acceptance_report,"[""seller-analytics-api.wildberries.ru""]",getV1AcceptanceReport,CURRENT,,,False,Отчёты,contentanalytics,,[],True,12-reports.yaml,[]
wildberries,GET,/api/v1/acceptance_report/tasks/{task_id}/download,"[""seller-analytics-api.wildberries.ru""]",getV1AcceptanceReportTasksTaskIdDownload,CURRENT,,,False,Отчёты,contentanalytics,,[],True,12-reports.yaml,[]
wildberries,GET,/api/v1/acceptance_report/tasks/{task_id}/status,"[""seller-analytics-api.wildberries.ru""]",getV1AcceptanceReportTasksTaskIdStatus,CURRENT,,,False,Отчёты,contentanalytics,,[],True,12-reports.yaml,[]
wildberries,GET,/api/v1/account/balance,"[""finance-api.wildberries.ru""]",getV1AccountBalance,CURRENT,,,False,Документы и бухгалтерия,finance,,[],True,13-finances.yaml,[]
wildberries,GET,/api/v1/analytics/antifraud-details,"[""seller-analytics-api.wildberries.ru""]",getV1AnalyticsAntifraudDetails,CURRENT,,,False,Отчёты,contentanalytics,,[],True,12-reports.yaml,[]
wildberries,GET,/api/v1/analytics/banned-products/blocked,"[""seller-analytics-api.wildberries.ru""]",getV1AnalyticsBannedProducsBlocked,CURRENT,,,False,Отчёты,contentanalytics,,[],True,12-reports.yaml,[]
wildberries,GET,/api/v1/analytics/brand-share,"[""seller-analytics-api.wildberries.ru""]",getV1AnalyticsBrandShare,CURRENT,,,False,Отчёты,contentanalytics,,[],True,12-reports.yaml,[]
wildberries,GET,/api/v1/analytics/brand-share/brands,"[""seller-analytics-api.wildberries.ru""]",getV1AnalyticsBrandShareBrands,CURRENT,,,False,Отчёты,contentanalytics,,[],True,12-reports.yaml,[]
wildberries,GET,/api/v1/analytics/brand-share/parent-subjects,"[""seller-analytics-api.wildberries.ru""]",getV1AnalyticsBrandShareParentSubjects,CURRENT,,,False,Отчёты,contentanalytics,,[],True,12-reports.yaml,[]
wildberries,POST,/api/v1/analytics/excise-report,"[""seller-analytics-api.wildberries.ru""]",postV1AnalyticsExciseReport,CURRENT,,,False,Отчёты,contentanalytics,,[],True,12-reports.yaml,[]
wildberries,GET,/api/v1/analytics/goods-labeling,"[""seller-analytics-api.wildberries.ru""]",getV1AnalyticsGoodsLabeling,CURRENT,,,False,Отчёты,contentanalytics,,[],True,12-reports.yaml,[]
wildberries,GET,/api/v1/analytics/goods-return,"[""seller-analytics-api.wildberries.ru""]",getV1AnalyticsGoodsReturn,CURRENT,,,False,Отчёты,contentanalytics,,[],True,12-reports.yaml,[]
wildberries,GET,/api/v1/analytics/region-sale,"[""seller-analytics-api.wildberries.ru""]",getV1AnalyticsRegionSale,CURRENT,,,False,Отчёты,contentanalytics,,[],True,12-reports.yaml,[]
wildberries,GET,/api/v1/calendar/promotions,"[""dp-calendar-api.wildberries.ru""]",getV1CalendarPromotions,CURRENT,,,False,Маркетинг и продвижение,discountsandprices,,[],True,08-promotion.yaml,[]
wildberries,GET,/api/v1/calendar/promotions/details,"[""dp-calendar-api.wildberries.ru""]",getV1CalendarPromotionsDetails,CURRENT,,,False,Маркетинг и продвижение,discountsandprices,,[],True,08-promotion.yaml,[]
wildberries,GET,/api/v1/calendar/promotions/nomenclatures,"[""dp-calendar-api.wildberries.ru""]",getV1CalendarPromotionsNomenclatures,CURRENT,,,False,Маркетинг и продвижение,discountsandprices,,[],True,08-promotion.yaml,[]
wildberries,POST,/api/v1/calendar/promotions/upload,"[""dp-calendar-api.wildberries.ru""]",postV1CalendarPromotionsUpload,CURRENT,,,False,Маркетинг и продвижение,discountsandprices,,[],False,08-promotion.yaml,[]
wildberries,PATCH,/api/v1/claim,"[""returns-api.wildberries.ru""]",patchV1Claim,CURRENT,,,False,Общение с покупателями,returns,,[],False,09-communications.yaml,[]
wildberries,GET,/api/v1/claims,"[""returns-api.wildberries.ru""]",getV1Claims,CURRENT,,,False,Общение с покупателями,returns,,[],True,09-communications.yaml,[]
wildberries,GET,/api/v1/documents/categories,"[""documents-api.wildberries.ru""]",getV1DocumentsCategories,CURRENT,,,False,Документы и бухгалтерия,documents,,[],True,13-finances.yaml,[]
wildberries,GET,/api/v1/documents/download,"[""documents-api.wildberries.ru""]",getV1DocumentsDownload,CURRENT,,,False,Документы и бухгалтерия,documents,,[],True,13-finances.yaml,[]
wildberries,POST,/api/v1/documents/download/all,"[""documents-api.wildberries.ru""]",postV1DocumentsDownloadAll,CURRENT,,,False,Документы и бухгалтерия,documents,,[],True,13-finances.yaml,[]
wildberries,GET,/api/v1/documents/list,"[""documents-api.wildberries.ru""]",getV1DocumentsList,CURRENT,,,False,Документы и бухгалтерия,documents,,[],True,13-finances.yaml,[]
wildberries,GET,/api/v1/feedback,"[""feedbacks-api.wildberries.ru""]",getV1Feedback,CURRENT,,,False,Общение с покупателями,questionsandfeedback,,[],True,09-communications.yaml,[]
wildberries,GET,/api/v1/feedbacks,"[""feedbacks-api.wildberries.ru""]",getV1Feedbacks,CURRENT,,,False,Общение с покупателями,questionsandfeedback,,[],True,09-communications.yaml,[]
wildberries,PATCH,/api/v1/feedbacks/answer,"[""feedbacks-api.wildberries.ru""]",patchV1FeedbacksAnswer,CURRENT,,,False,Общение с покупателями,questionsandfeedback,,[],False,09-communications.yaml,[]
wildberries,POST,/api/v1/feedbacks/answer,"[""feedbacks-api.wildberries.ru""]",postV1FeedbacksAnswer,CURRENT,,,False,Общение с покупателями,questionsandfeedback,,[],False,09-communications.yaml,[]
wildberries,GET,/api/v1/feedbacks/archive,"[""feedbacks-api.wildberries.ru""]",getV1FeedbacksArchive,CURRENT,,,False,Общение с покупателями,questionsandfeedback,,[],True,09-communications.yaml,[]
wildberries,GET,/api/v1/feedbacks/count,"[""feedbacks-api.wildberries.ru""]",getV1FeedbacksCount,CURRENT,,,False,Общение с покупателями,questionsandfeedback,,[],True,09-communications.yaml,[]
wildberries,GET,/api/v1/feedbacks/count-unanswered,"[""feedbacks-api.wildberries.ru""]",getV1FeedbacksCountUnanswered,CURRENT,,,False,Общение с покупателями,questionsandfeedback,,[],True,09-communications.yaml,[]
wildberries,POST,/api/v1/feedbacks/order/return,"[""feedbacks-api.wildberries.ru""]",postV1FeedbacksOrderReturn,CURRENT,,,False,Общение с покупателями,questionsandfeedback,,[],False,09-communications.yaml,[]
wildberries,POST,/api/v1/invite,"[""user-management-api.wildberries.ru""]",postV1Invite,CURRENT,,,False,Общее,usermanagement,,"[""personal""]",False,01-general.yaml,[]
wildberries,GET,/api/v1/new-feedbacks-questions,"[""feedbacks-api.wildberries.ru""]",getV1NewFeedbacksQuestions,CURRENT,,,False,Общение с покупателями,questionsandfeedback,,[],True,09-communications.yaml,[]
wildberries,GET,/api/v1/paid_storage,"[""seller-analytics-api.wildberries.ru""]",getV1PaidStorage,CURRENT,,,False,Отчёты,contentanalytics,,[],True,12-reports.yaml,[]
wildberries,GET,/api/v1/paid_storage/tasks/{task_id}/download,"[""seller-analytics-api.wildberries.ru""]",getV1PaidStorageTasksTaskIdDownload,CURRENT,,,False,Отчёты,contentanalytics,,[],True,12-reports.yaml,[]
wildberries,GET,/api/v1/paid_storage/tasks/{task_id}/status,"[""seller-analytics-api.wildberries.ru""]",getV1PaidStorageTasksTaskIdStatus,CURRENT,,,False,Отчёты,contentanalytics,,[],True,12-reports.yaml,[]
wildberries,GET,/api/v1/question,"[""feedbacks-api.wildberries.ru""]",getV1Question,CURRENT,,,False,Общение с покупателями,questionsandfeedback,,[],True,09-communications.yaml,[]
wildberries,GET,/api/v1/questions,"[""feedbacks-api.wildberries.ru""]",getV1Questions,CURRENT,,,False,Общение с покупателями,questionsandfeedback,,[],True,09-communications.yaml,[]
wildberries,PATCH,/api/v1/questions,"[""feedbacks-api.wildberries.ru""]",patchV1Questions,CURRENT,,,False,Общение с покупателями,questionsandfeedback,,[],False,09-communications.yaml,[]
wildberries,GET,/api/v1/questions/count,"[""feedbacks-api.wildberries.ru""]",getV1QuestionsCount,CURRENT,,,False,Общение с покупателями,questionsandfeedback,,[],True,09-communications.yaml,[]
wildberries,GET,/api/v1/questions/count-unanswered,"[""feedbacks-api.wildberries.ru""]",getV1QuestionsCountUnanswered,CURRENT,,,False,Общение с покупателями,questionsandfeedback,,[],True,09-communications.yaml,[]
wildberries,GET,/api/v1/seller-info,"[""common-api.wildberries.ru""]",getV1SellerInfo,CURRENT,,,False,Общее,commonapi,,[],True,01-general.yaml,[]
wildberries,GET,/api/v1/seller/chats,"[""buyer-chat-api.wildberries.ru""]",getV1SellerChats,CURRENT,,,False,Общение с покупателями,buyerchat,,[],True,09-communications.yaml,[]
wildberries,GET,/api/v1/seller/download/{id},"[""buyer-chat-api.wildberries.ru""]",getV1SellerDownloadId,CURRENT,,,False,Общение с покупателями,buyerchat,,[],True,09-communications.yaml,[]
wildberries,GET,/api/v1/seller/events,"[""buyer-chat-api.wildberries.ru""]",getV1SellerEvents,CURRENT,,,False,Общение с покупателями,buyerchat,,[],True,09-communications.yaml,[]
wildberries,POST,/api/v1/seller/message,"[""buyer-chat-api.wildberries.ru""]",postV1SellerMessage,CURRENT,,,False,Общение с покупателями,buyerchat,,[],False,09-communications.yaml,[]
wildberries,GET,/api/v1/supplier/orders,"[""statistics-api.wildberries.ru""]",getV1SupplierOrders,CURRENT,,,False,Отчёты,statistics,,[],True,12-reports.yaml,[]
wildberries,GET,/api/v1/supplier/sales,"[""statistics-api.wildberries.ru""]",getV1SupplierSales,CURRENT,,,False,Отчёты,statistics,,[],True,12-reports.yaml,[]
wildberries,POST,/api/v1/supplies,"[""supplies-api.wildberries.ru""]",postV1Supplies,CURRENT,,,False,Поставки FBW,supplies,,[],True,07-orders-fbw.yaml,[]
wildberries,GET,/api/v1/supplies/{ID},"[""supplies-api.wildberries.ru""]",getV1SuppliesId,CURRENT,,,False,Поставки FBW,supplies,,[],True,07-orders-fbw.yaml,[]
wildberries,GET,/api/v1/supplies/{ID}/goods,"[""supplies-api.wildberries.ru""]",getV1SuppliesIdGoods,CURRENT,,,False,Поставки FBW,supplies,,[],True,07-orders-fbw.yaml,[]
wildberries,GET,/api/v1/supplies/{ID}/package,"[""supplies-api.wildberries.ru""]",getV1SuppliesIdPackage,CURRENT,,,False,Поставки FBW,supplies,,[],True,07-orders-fbw.yaml,[]
wildberries,GET,/api/v1/tariffs/box,"[""common-api.wildberries.ru""]",getV1TariffsBox,CURRENT,,,False,Тарифы,commonapi,,[],True,10-rates.yaml,[]
wildberries,GET,/api/v1/tariffs/commission,"[""common-api.wildberries.ru""]",getV1TariffsCommission,CURRENT,,,False,Тарифы,commonapi,,[],True,10-rates.yaml,[]
wildberries,GET,/api/v1/tariffs/pallet,"[""common-api.wildberries.ru""]",getV1TariffsPallet,CURRENT,,,False,Тарифы,commonapi,,[],True,10-rates.yaml,[]
wildberries,GET,/api/v1/tariffs/return,"[""common-api.wildberries.ru""]",getV1TariffsReturn,CURRENT,,,False,Тарифы,commonapi,,[],True,10-rates.yaml,[]
wildberries,GET,/api/v1/transit-tariffs,"[""supplies-api.wildberries.ru""]",getV1TransitTariffs,CURRENT,,,False,Поставки FBW,supplies,,[],True,07-orders-fbw.yaml,[]
wildberries,DELETE,/api/v1/user,"[""user-management-api.wildberries.ru""]",deleteV1User,CURRENT,,,False,Общее,usermanagement,,"[""personal""]",False,01-general.yaml,[]
wildberries,GET,/api/v1/users,"[""user-management-api.wildberries.ru""]",getV1Users,CURRENT,,,False,Общее,usermanagement,,"[""personal""]",True,01-general.yaml,[]
wildberries,PUT,/api/v1/users/access,"[""user-management-api.wildberries.ru""]",putV1UsersAccess,CURRENT,,,False,Общее,usermanagement,,"[""personal""]",False,01-general.yaml,[]
wildberries,GET,/api/v1/warehouse_remains,"[""seller-analytics-api.wildberries.ru""]",getV1WarehouseRemains,CURRENT,,,False,Отчёты,contentanalytics,,[],True,12-reports.yaml,[]
wildberries,GET,/api/v1/warehouse_remains/tasks/{task_id}/download,"[""seller-analytics-api.wildberries.ru""]",getV1WarehouseRemainsTasksTaskIdDownload,CURRENT,,,False,Отчёты,contentanalytics,,[],True,12-reports.yaml,[]
wildberries,GET,/api/v1/warehouse_remains/tasks/{task_id}/status,"[""seller-analytics-api.wildberries.ru""]",getV1WarehouseRemainsTasksTaskIdStatus,CURRENT,,,False,Отчёты,contentanalytics,,[],True,12-reports.yaml,[]
wildberries,GET,/api/v1/warehouses,"[""supplies-api.wildberries.ru""]",getV1Warehouses,CURRENT,,,False,Поставки FBW,supplies,,[],True,07-orders-fbw.yaml,[]
wildberries,GET,/api/v2/buffer/goods/task,"[""discounts-prices-api.wildberries.ru""]",,CURRENT,,,False,Работа с товарами,discountsandprices,,[],True,02-items.yaml,[]
wildberries,GET,/api/v2/buffer/tasks,"[""discounts-prices-api.wildberries.ru""]",,CURRENT,,,False,Работа с товарами,discountsandprices,,[],True,02-items.yaml,[]
wildberries,GET,/api/v2/history/goods/task,"[""discounts-prices-api.wildberries.ru""]",,CURRENT,,,False,Работа с товарами,discountsandprices,,[],True,02-items.yaml,[]
wildberries,GET,/api/v2/history/tasks,"[""discounts-prices-api.wildberries.ru""]",,CURRENT,,,False,Работа с товарами,discountsandprices,,[],True,02-items.yaml,[]
wildberries,GET,/api/v2/list/goods/filter,"[""discounts-prices-api.wildberries.ru""]",,CURRENT,,,False,Работа с товарами,discountsandprices,,[],True,02-items.yaml,[]
wildberries,POST,/api/v2/list/goods/filter,"[""discounts-prices-api.wildberries.ru""]",,CURRENT,,,False,Работа с товарами,discountsandprices,,[],True,02-items.yaml,[]
wildberries,GET,/api/v2/list/goods/size/nm,"[""discounts-prices-api.wildberries.ru""]",,CURRENT,,,False,Работа с товарами,discountsandprices,,[],True,02-items.yaml,[]
wildberries,GET,/api/v2/nm-report/downloads,"[""seller-analytics-api.wildberries.ru""]",getV2NmReportDownloads,CURRENT,,,False,Аналитика и данные,contentanalytics,,[],True,11-analytics.yaml,[]
wildberries,POST,/api/v2/nm-report/downloads,"[""seller-analytics-api.wildberries.ru""]",postV2NmReportDownloads,CURRENT,,,False,Аналитика и данные,contentanalytics,,[],True,11-analytics.yaml,[]
wildberries,GET,/api/v2/nm-report/downloads/file/{downloadId},"[""seller-analytics-api.wildberries.ru""]",getV2NmReportDownloadsFileDownloadId,CURRENT,,,False,Аналитика и данные,contentanalytics,,[],True,11-analytics.yaml,[]
wildberries,POST,/api/v2/nm-report/downloads/retry,"[""seller-analytics-api.wildberries.ru""]",postV2NmReportDownloadsRetry,CURRENT,,,False,Аналитика и данные,contentanalytics,,[],True,11-analytics.yaml,[]
wildberries,GET,/api/v2/quarantine/goods,"[""discounts-prices-api.wildberries.ru""]",,CURRENT,,,False,Работа с товарами,discountsandprices,,[],True,02-items.yaml,[]
wildberries,POST,/api/v2/search-report/product/orders,"[""seller-analytics-api.wildberries.ru""]",postV2SearchReportProductOrders,CURRENT,,,False,Аналитика и данные,contentanalytics,,[],True,11-analytics.yaml,[]
wildberries,POST,/api/v2/search-report/product/search-texts,"[""seller-analytics-api.wildberries.ru""]",postV2SearchReportProductSearchTexts,CURRENT,,,False,Аналитика и данные,contentanalytics,,[],True,11-analytics.yaml,[]
wildberries,POST,/api/v2/search-report/report,"[""seller-analytics-api.wildberries.ru""]",postV2SearchReportReport,CURRENT,,,False,Аналитика и данные,contentanalytics,,[],True,11-analytics.yaml,[]
wildberries,POST,/api/v2/search-report/table/details,"[""seller-analytics-api.wildberries.ru""]",postV2SearchReportTableDetails,CURRENT,,,False,Аналитика и данные,contentanalytics,,[],True,11-analytics.yaml,[]
wildberries,POST,/api/v2/search-report/table/groups,"[""seller-analytics-api.wildberries.ru""]",postV2SearchReportTableGroups,CURRENT,,,False,Аналитика и данные,contentanalytics,,[],True,11-analytics.yaml,[]
wildberries,POST,/api/v2/stocks-report/offices,"[""seller-analytics-api.wildberries.ru""]",postV2StocksReportOffices,CURRENT,,,False,Аналитика и данные,contentanalytics,,[],True,11-analytics.yaml,[]
wildberries,POST,/api/v2/stocks-report/products/groups,"[""seller-analytics-api.wildberries.ru""]",postV2StocksReportProductsGroups,CURRENT,,,False,Аналитика и данные,contentanalytics,,[],True,11-analytics.yaml,[]
wildberries,POST,/api/v2/stocks-report/products/products,"[""seller-analytics-api.wildberries.ru""]",postV2StocksReportProductsProducts,CURRENT,,,False,Аналитика и данные,contentanalytics,,[],True,11-analytics.yaml,[]
wildberries,POST,/api/v2/stocks-report/products/sizes,"[""seller-analytics-api.wildberries.ru""]",postV2StocksReportProductsSizes,CURRENT,,,False,Аналитика и данные,contentanalytics,,[],True,11-analytics.yaml,[]
wildberries,POST,/api/v2/upload/task,"[""discounts-prices-api.wildberries.ru""]",,CURRENT,,,False,Работа с товарами,discountsandprices,,[],False,02-items.yaml,[]
wildberries,POST,/api/v2/upload/task/club-discount,"[""discounts-prices-api.wildberries.ru""]",,CURRENT,,,False,Работа с товарами,discountsandprices,,[],False,02-items.yaml,[]
wildberries,POST,/api/v2/upload/task/size,"[""discounts-prices-api.wildberries.ru""]",,CURRENT,,,False,Работа с товарами,discountsandprices,,[],False,02-items.yaml,[]
wildberries,GET,/api/v3/click-collect/orders,"[""marketplace-api.wildberries.ru""]",getV3ClickCollectOrders,CURRENT,,,False,Самовывоз,marketplace,,[],True,06-in-store-pickup.yaml,[]
wildberries,POST,/api/v3/click-collect/orders/client,"[""marketplace-api.wildberries.ru""]",postV3ClickCollectOrdersClient,CURRENT,,,False,Самовывоз,marketplace,,[],True,06-in-store-pickup.yaml,[]
wildberries,POST,/api/v3/click-collect/orders/client/identity,"[""marketplace-api.wildberries.ru""]",postV3ClickCollectOrdersClientIdentity,CURRENT,,,False,Самовывоз,marketplace,,[],True,06-in-store-pickup.yaml,[]
wildberries,GET,/api/v3/click-collect/orders/new,"[""marketplace-api.wildberries.ru""]",getV3ClickCollectOrdersNew,CURRENT,,,False,Самовывоз,marketplace,,[],True,06-in-store-pickup.yaml,[]
wildberries,POST,/api/v3/dbs/groups/info,"[""marketplace-api.wildberries.ru""]",postV3DbsGroupsInfo,CURRENT,,,False,DBS,marketplace,,[],True,05-dbs.yaml,[]
wildberries,GET,/api/v3/dbs/orders,"[""marketplace-api.wildberries.ru""]",getV3DbsOrders,CURRENT,,,False,DBS,marketplace,,[],True,05-dbs.yaml,[]
wildberries,POST,/api/v3/dbs/orders/client,"[""marketplace-api.wildberries.ru""]",postV3DbsOrdersClient,CURRENT,,,False,DBS,marketplace,,[],True,05-dbs.yaml,[]
wildberries,POST,/api/v3/dbs/orders/delivery-date,"[""marketplace-api.wildberries.ru""]",postV3DbsOrdersDeliveryDate,CURRENT,,,False,DBS,marketplace,,[],True,05-dbs.yaml,[]
wildberries,GET,/api/v3/dbs/orders/new,"[""marketplace-api.wildberries.ru""]",getV3DbsOrdersNew,CURRENT,,,False,DBS,marketplace,,[],True,05-dbs.yaml,[]
wildberries,GET,/api/v3/dbw/orders,"[""marketplace-api.wildberries.ru""]",getV3DbwOrders,CURRENT,,,False,Заказы DBW,marketplace,,[],True,04-orders-dbw.yaml,[]
wildberries,POST,/api/v3/dbw/orders/courier,"[""marketplace-api.wildberries.ru""]",postV3DbwOrdersCourier,CURRENT,,,False,Заказы DBW,marketplace,,[],True,04-orders-dbw.yaml,[]
wildberries,POST,/api/v3/dbw/orders/delivery-date,"[""marketplace-api.wildberries.ru""]",postV3DbwOrdersDeliveryDate,CURRENT,,,False,Заказы DBW,marketplace,,[],True,04-orders-dbw.yaml,[]
wildberries,GET,/api/v3/dbw/orders/new,"[""marketplace-api.wildberries.ru""]",getV3DbwOrdersNew,CURRENT,,,False,Заказы DBW,marketplace,,[],True,04-orders-dbw.yaml,[]
wildberries,POST,/api/v3/dbw/orders/status,"[""marketplace-api.wildberries.ru""]",postV3DbwOrdersStatus,CURRENT,,,False,Заказы DBW,marketplace,,[],True,04-orders-dbw.yaml,[]
wildberries,POST,/api/v3/dbw/orders/stickers,"[""marketplace-api.wildberries.ru""]",postV3DbwOrdersStickers,CURRENT,,,False,Заказы DBW,marketplace,,[],True,04-orders-dbw.yaml,[]
wildberries,PATCH,/api/v3/dbw/orders/{orderId}/cancel,"[""marketplace-api.wildberries.ru""]",patchV3DbwOrdersOrderIdCancel,CURRENT,,,False,Заказы DBW,marketplace,,[],False,04-orders-dbw.yaml,[]
wildberries,PATCH,/api/v3/dbw/orders/{orderId}/confirm,"[""marketplace-api.wildberries.ru""]",patchV3DbwOrdersOrderIdConfirm,CURRENT,,,False,Заказы DBW,marketplace,,[],False,04-orders-dbw.yaml,[]
wildberries,PUT,/api/v3/dbw/orders/{orderId}/meta/gtin,"[""marketplace-api.wildberries.ru""]",putV3DbwOrdersOrderIdMetaGtin,CURRENT,,,False,Заказы DBW,marketplace,,[],False,04-orders-dbw.yaml,[]
wildberries,PUT,/api/v3/dbw/orders/{orderId}/meta/imei,"[""marketplace-api.wildberries.ru""]",putV3DbwOrdersOrderIdMetaImei,CURRENT,,,False,Заказы DBW,marketplace,,[],False,04-orders-dbw.yaml,[]
wildberries,PUT,/api/v3/dbw/orders/{orderId}/meta/uin,"[""marketplace-api.wildberries.ru""]",putV3DbwOrdersOrderIdMetaUin,CURRENT,,,False,Заказы DBW,marketplace,,[],False,04-orders-dbw.yaml,[]
wildberries,GET,/api/v3/dbw/warehouses/{warehouseId}/contacts,"[""marketplace-api.wildberries.ru""]",,CURRENT,,,False,Работа с товарами,marketplace,,[],True,02-items.yaml,[]
wildberries,PUT,/api/v3/dbw/warehouses/{warehouseId}/contacts,"[""marketplace-api.wildberries.ru""]",,CURRENT,,,False,Работа с товарами,marketplace,,[],False,02-items.yaml,[]
wildberries,GET,/api/v3/offices,"[""marketplace-api.wildberries.ru""]",,CURRENT,,,False,Работа с товарами,marketplace,,[],True,02-items.yaml,[]
wildberries,GET,/api/v3/orders,"[""marketplace-api.wildberries.ru""]",,CURRENT,,,False,Заказы FBS,marketplace,,[],True,03-orders-fbs.yaml,[]
wildberries,POST,/api/v3/orders/client,"[""marketplace-api.wildberries.ru""]",,CURRENT,,,False,Заказы FBS,marketplace,,[],True,03-orders-fbs.yaml,[]
wildberries,GET,/api/v3/orders/new,"[""marketplace-api.wildberries.ru""]",,CURRENT,,,False,Заказы FBS,marketplace,,[],True,03-orders-fbs.yaml,[]
wildberries,POST,/api/v3/orders/status,"[""marketplace-api.wildberries.ru""]",,CURRENT,,,False,Заказы FBS,marketplace,,[],True,03-orders-fbs.yaml,[]
wildberries,POST,/api/v3/orders/status/history,"[""marketplace-api.wildberries.ru""]",,CURRENT,,,False,Заказы FBS,marketplace,,[],True,03-orders-fbs.yaml,[]
wildberries,POST,/api/v3/orders/stickers,"[""marketplace-api.wildberries.ru""]",,CURRENT,,,False,Заказы FBS,marketplace,,[],True,03-orders-fbs.yaml,[]
wildberries,POST,/api/v3/orders/stickers/cross-border,"[""marketplace-api.wildberries.ru""]",,CURRENT,,,False,Заказы FBS,marketplace,,[],True,03-orders-fbs.yaml,[]
wildberries,PATCH,/api/v3/orders/{orderId}/cancel,"[""marketplace-api.wildberries.ru""]",,CURRENT,,,False,Заказы FBS,marketplace,,[],False,03-orders-fbs.yaml,[]
wildberries,DELETE,/api/v3/orders/{orderId}/meta,"[""marketplace-api.wildberries.ru""]",,CURRENT,,,False,Заказы FBS,marketplace,,[],False,03-orders-fbs.yaml,[]
wildberries,PUT,/api/v3/orders/{orderId}/meta/expiration,"[""marketplace-api.wildberries.ru""]",,CURRENT,,,False,Заказы FBS,marketplace,,[],False,03-orders-fbs.yaml,[]
wildberries,PUT,/api/v3/orders/{orderId}/meta/gtin,"[""marketplace-api.wildberries.ru""]",,CURRENT,,,False,Заказы FBS,marketplace,,[],False,03-orders-fbs.yaml,[]
wildberries,PUT,/api/v3/orders/{orderId}/meta/imei,"[""marketplace-api.wildberries.ru""]",,CURRENT,,,False,Заказы FBS,marketplace,,[],False,03-orders-fbs.yaml,[]
wildberries,PUT,/api/v3/orders/{orderId}/meta/sgtin,"[""marketplace-api.wildberries.ru""]",,CURRENT,,,False,Заказы FBS,marketplace,,[],False,03-orders-fbs.yaml,[]
wildberries,PUT,/api/v3/orders/{orderId}/meta/uin,"[""marketplace-api.wildberries.ru""]",,CURRENT,,,False,Заказы FBS,marketplace,,[],False,03-orders-fbs.yaml,[]
wildberries,GET,/api/v3/passes,"[""marketplace-api.wildberries.ru""]",,CURRENT,,,False,Заказы FBS,marketplace,,[],True,03-orders-fbs.yaml,[]
wildberries,POST,/api/v3/passes,"[""marketplace-api.wildberries.ru""]",,CURRENT,,,False,Заказы FBS,marketplace,,[],False,03-orders-fbs.yaml,[]
wildberries,GET,/api/v3/passes/offices,"[""marketplace-api.wildberries.ru""]",,CURRENT,,,False,Заказы FBS,marketplace,,[],True,03-orders-fbs.yaml,[]
wildberries,DELETE,/api/v3/passes/{passId},"[""marketplace-api.wildberries.ru""]",,CURRENT,,,False,Заказы FBS,marketplace,,[],False,03-orders-fbs.yaml,[]
wildberries,PUT,/api/v3/passes/{passId},"[""marketplace-api.wildberries.ru""]",,CURRENT,,,False,Заказы FBS,marketplace,,[],False,03-orders-fbs.yaml,[]
wildberries,DELETE,/api/v3/stocks/{warehouseId},"[""marketplace-api.wildberries.ru""]",,CURRENT,,,False,Работа с товарами,marketplace,,[],False,02-items.yaml,[]
wildberries,POST,/api/v3/stocks/{warehouseId},"[""marketplace-api.wildberries.ru""]",,CURRENT,,,False,Работа с товарами,marketplace,,[],True,02-items.yaml,[]
wildberries,PUT,/api/v3/stocks/{warehouseId},"[""marketplace-api.wildberries.ru""]",,CURRENT,,,False,Работа с товарами,marketplace,,[],False,02-items.yaml,[]
wildberries,GET,/api/v3/supplies,"[""marketplace-api.wildberries.ru""]",,CURRENT,,,False,Заказы FBS,marketplace,,[],True,03-orders-fbs.yaml,[]
wildberries,POST,/api/v3/supplies,"[""marketplace-api.wildberries.ru""]",,CURRENT,,,False,Заказы FBS,marketplace,,[],False,03-orders-fbs.yaml,[]
wildberries,GET,/api/v3/supplies/orders/reshipment,"[""marketplace-api.wildberries.ru""]",,CURRENT,,,False,Заказы FBS,marketplace,,[],True,03-orders-fbs.yaml,[]
wildberries,DELETE,/api/v3/supplies/{supplyId},"[""marketplace-api.wildberries.ru""]",,CURRENT,,,False,Заказы FBS,marketplace,,[],False,03-orders-fbs.yaml,[]
wildberries,GET,/api/v3/supplies/{supplyId},"[""marketplace-api.wildberries.ru""]",,CURRENT,,,False,Заказы FBS,marketplace,,[],True,03-orders-fbs.yaml,[]
wildberries,GET,/api/v3/supplies/{supplyId}/barcode,"[""marketplace-api.wildberries.ru""]",,CURRENT,,,False,Заказы FBS,marketplace,,[],True,03-orders-fbs.yaml,[]
wildberries,PATCH,/api/v3/supplies/{supplyId}/deliver,"[""marketplace-api.wildberries.ru""]",,CURRENT,,,False,Заказы FBS,marketplace,,[],False,03-orders-fbs.yaml,[]
wildberries,DELETE,/api/v3/supplies/{supplyId}/trbx,"[""marketplace-api.wildberries.ru""]",,CURRENT,,,False,Заказы FBS,marketplace,,[],False,03-orders-fbs.yaml,[]
wildberries,GET,/api/v3/supplies/{supplyId}/trbx,"[""marketplace-api.wildberries.ru""]",,CURRENT,,,False,Заказы FBS,marketplace,,[],True,03-orders-fbs.yaml,[]
wildberries,POST,/api/v3/supplies/{supplyId}/trbx,"[""marketplace-api.wildberries.ru""]",,CURRENT,,,False,Заказы FBS,marketplace,,[],False,03-orders-fbs.yaml,[]
wildberries,POST,/api/v3/supplies/{supplyId}/trbx/stickers,"[""marketplace-api.wildberries.ru""]",,CURRENT,,,False,Заказы FBS,marketplace,,[],True,03-orders-fbs.yaml,[]
wildberries,GET,/api/v3/warehouses,"[""marketplace-api.wildberries.ru""]",,CURRENT,,,False,Работа с товарами,marketplace,,[],True,02-items.yaml,[]
wildberries,POST,/api/v3/warehouses,"[""marketplace-api.wildberries.ru""]",,CURRENT,,,False,Работа с товарами,marketplace,,[],False,02-items.yaml,[]
wildberries,DELETE,/api/v3/warehouses/{warehouseId},"[""marketplace-api.wildberries.ru""]",,CURRENT,,,False,Работа с товарами,marketplace,,[],False,02-items.yaml,[]
wildberries,PUT,/api/v3/warehouses/{warehouseId},"[""marketplace-api.wildberries.ru""]",,CURRENT,,,False,Работа с товарами,marketplace,,[],False,02-items.yaml,[]
wildberries,POST,/content/v2/barcodes,"[""content-api.wildberries.ru""]",,CURRENT,,,False,Работа с товарами,content,,[],False,02-items.yaml,[]
wildberries,POST,/content/v2/cards/delete/trash,"[""content-api.wildberries.ru""]",,CURRENT,,,False,Работа с товарами,content,,[],False,02-items.yaml,[]
wildberries,POST,/content/v2/cards/error/list,"[""content-api.wildberries.ru""]",,CURRENT,,,False,Работа с товарами,content,,[],True,02-items.yaml,[]
wildberries,GET,/content/v2/cards/limits,"[""content-api.wildberries.ru""]",,CURRENT,,,False,Работа с товарами,content,,[],True,02-items.yaml,[]
wildberries,POST,/content/v2/cards/moveNm,"[""content-api.wildberries.ru""]",,CURRENT,,,False,Работа с товарами,content,,[],False,02-items.yaml,[]
wildberries,POST,/content/v2/cards/recover,"[""content-api.wildberries.ru""]",,CURRENT,,,False,Работа с товарами,content,,[],False,02-items.yaml,[]
wildberries,POST,/content/v2/cards/update,"[""content-api.wildberries.ru""]",,CURRENT,,,False,Работа с товарами,content,,[],False,02-items.yaml,[]
wildberries,POST,/content/v2/cards/upload,"[""content-api.wildberries.ru""]",,CURRENT,,,False,Работа с товарами,content,,[],False,02-items.yaml,[]
wildberries,POST,/content/v2/cards/upload/add,"[""content-api.wildberries.ru""]",,CURRENT,,,False,Работа с товарами,content,,[],False,02-items.yaml,[]
wildberries,GET,/content/v2/directory/colors,"[""content-api.wildberries.ru""]",,CURRENT,,,False,Работа с товарами,content,,[],True,02-items.yaml,[]
wildberries,GET,/content/v2/directory/countries,"[""content-api.wildberries.ru""]",,CURRENT,,,False,Работа с товарами,content,,[],True,02-items.yaml,[]
wildberries,GET,/content/v2/directory/kinds,"[""content-api.wildberries.ru""]",,CURRENT,,,False,Работа с товарами,content,,[],True,02-items.yaml,[]
wildberries,GET,/content/v2/directory/seasons,"[""content-api.wildberries.ru""]",,CURRENT,,,False,Работа с товарами,content,,[],True,02-items.yaml,[]
wildberries,GET,/content/v2/directory/tnved,"[""content-api.wildberries.ru""]",,CURRENT,,,False,Работа с товарами,content,,[],True,02-items.yaml,[]
wildberries,GET,/content/v2/directory/vat,"[""content-api.wildberries.ru""]",,CURRENT,,,False,Работа с товарами,content,,[],True,02-items.yaml,[]
wildberries,POST,/content/v2/get/cards/list,"[""content-api.wildberries.ru""]",,CURRENT,,,False,Работа с товарами,content,,[],True,02-items.yaml,[]
wildberries,POST,/content/v2/get/cards/trash,"[""content-api.wildberries.ru""]",,CURRENT,,,False,Работа с товарами,content,,[],True,02-items.yaml,[]
wildberries,GET,/content/v2/object/all,"[""content-api.wildberries.ru""]",,CURRENT,,,False,Работа с товарами,content,,[],True,02-items.yaml,[]
wildberries,GET,/content/v2/object/charcs/{subjectId},"[""content-api.wildberries.ru""]",,CURRENT,,,False,Работа с товарами,content,,[],True,02-items.yaml,[]
wildberries,GET,/content/v2/object/parent/all,"[""content-api.wildberries.ru""]",,CURRENT,,,False,Работа с товарами,content,,[],True,02-items.yaml,[]
wildberries,POST,/content/v2/tag,"[""content-api.wildberries.ru""]",,CURRENT,,,False,Работа с товарами,content,,[],False,02-items.yaml,[]
wildberries,POST,/content/v2/tag/nomenclature/link,"[""content-api.wildberries.ru""]",,CURRENT,,,False,Работа с товарами,content,,[],False,02-items.yaml,[]
wildberries,DELETE,/content/v2/tag/{id},"[""content-api.wildberries.ru""]",,CURRENT,,,False,Работа с товарами,content,,[],False,02-items.yaml,[]
wildberries,PATCH,/content/v2/tag/{id},"[""content-api.wildberries.ru""]",,CURRENT,,,False,Работа с товарами,content,,[],False,02-items.yaml,[]
wildberries,GET,/content/v2/tags,"[""content-api.wildberries.ru""]",,CURRENT,,,False,Работа с товарами,content,,[],True,02-items.yaml,[]
wildberries,POST,/content/v3/media/file,"[""content-api.wildberries.ru""]",,CURRENT,,,False,Работа с товарами,content,,[],False,02-items.yaml,[]
wildberries,POST,/content/v3/media/save,"[""content-api.wildberries.ru""]",,CURRENT,,,False,Работа с товарами,content,,[],False,02-items.yaml,[]
wildberries,GET,/ping,"[""common-api.wildberries.ru""]",getPing,CURRENT,,,False,Общее,all,,[],True,01-general.yaml,[]
ozon_seller,GET,/v1/actions,[],Promos,CURRENT,,,False,,,"[""Promos"",""Акции Ozon""]",,,,[]
ozon_seller,POST,/v1/actions/auto-add/products/candidates,[],ActionsAutoAddProductsCandidates,CURRENT,,,False,,,"[""PromosBeta"",""Акции Ozon""]",,,,[]
ozon_seller,POST,/v1/actions/auto-add/products/delete,[],ActionsAutoAddProductsDelete,CURRENT,,,False,,,"[""PromosBeta"",""Акции Ozon""]",,,,[]
ozon_seller,POST,/v1/actions/auto-add/products/list,[],ActionsAutoAddProductsList,CURRENT,,,False,,,"[""PromosBeta"",""Акции Ozon""]",,,,[]
ozon_seller,POST,/v1/actions/auto-add/products/update,[],ActionsAutoAddProductsUpdate,CURRENT,,,False,,,"[""PromosBeta"",""Акции Ozon""]",,,,[]
ozon_seller,POST,/v1/actions/candidates,[],PromosCandidates,CURRENT,,,False,,,"[""Promos"",""Акции Ozon""]",,,,[]
ozon_seller,POST,/v1/actions/discounts-task/approve,[],promos_task_approve,CURRENT,,,False,,,"[""Promos"",""Акции Ozon""]",,,,[]
ozon_seller,POST,/v1/actions/discounts-task/decline,[],promos_task_decline,CURRENT,,,False,,,"[""Promos"",""Акции Ozon""]",,,,[]
ozon_seller,POST,/v1/actions/discounts-task/list,[],promos_task_list,CURRENT,,,False,,,"[""Promos"",""Акции Ozon""]",,,,[]
ozon_seller,POST,/v1/actions/products,[],PromosProducts,CURRENT,,,False,,,"[""Promos"",""Акции Ozon""]",,,,[]
ozon_seller,POST,/v1/actions/products/activate,[],PromosProductsActivate,CURRENT,,,False,,,"[""Promos"",""Акции Ozon""]",,,,[]
ozon_seller,POST,/v1/actions/products/deactivate,[],PromosProductsDeactivate,CURRENT,,,False,,,"[""Promos"",""Акции Ozon""]",,,,[]
ozon_seller,POST,/v1/analytics/data,[],AnalyticsAPI_AnalyticsGetData,CURRENT,,,False,,,"[""Premium"",""Premium-методы""]",,,,[]
ozon_seller,POST,/v1/analytics/manage/stocks,[],AnalyticsAPI_ManageStocks,CURRENT,,,False,,,"[""BetaMethod"",""Прочие методы""]",,,,[]
ozon_seller,POST,/v1/analytics/product-queries,[],AnalyticsAPI_AnalyticsProductQueries,CURRENT,,,False,,,"[""Premium"",""Premium-методы""]",,,,[]
ozon_seller,POST,/v1/analytics/product-queries/details,[],AnalyticsAPI_AnalyticsProductQueriesDetails,CURRENT,,,False,,,"[""Premium"",""Premium-методы""]",,,,[]
ozon_seller,POST,/v1/analytics/stocks,[],AnalyticsAPI_AnalyticsStocks,CURRENT,,,False,,,"[""AnalyticsAPI"",""Аналитические отчёты""]",,,,[]
ozon_seller,POST,/v1/analytics/turnover/stocks,[],AnalyticsAPI_StocksTurnover,CURRENT,,,False,,,"[""AnalyticsAPI"",""Аналитические отчёты""]",,,,[]
ozon_seller,POST,/v1/assembly/carriage/posting/list,[],AssemblyCarriagePostingList,CURRENT,,,False,,,"[""DeliveryFBS"",""Доставка FBS""]",,,,[]
ozon_seller,POST,/v1/assembly/carriage/product/list,[],AssemblyCarriageProductList,CURRENT,,,False,,,"[""DeliveryFBS"",""Доставка FBS""]",,,,[]
ozon_seller,POST,/v1/assembly/fbs/posting/list,[],AssemblyFbsPostingList,CURRENT,,,False,,,"[""DeliveryFBS"",""Доставка FBS""]",,,,[]
ozon_seller,POST,/v1/assembly/fbs/product/list,[],AssemblyFbsProductList,CURRENT,,,False,,,"[""DeliveryFBS"",""Доставка FBS""]",,,,[]
ozon_seller,POST,/v1/barcode/add,[],add-barcode,CURRENT,,,False,,,"[""BarcodeAPI"",""Штрихкоды товаров""]",,,,[]
ozon_seller,POST,/v1/barcode/generate,[],generate-barcode,CURRENT,,,False,,,"[""BarcodeAPI"",""Штрихкоды товаров""]",,,,[]
ozon_seller,POST,/v1/brand/company-certification/list,[],BrandAPI_BrandCompanyCertificationList,CURRENT,,,False,,,"[""BrandAPI"",""Сертификаты брендов""]",,,,[]
ozon_seller,POST,/v1/cancel-reason/list,[],CancelReasonList,CURRENT,,,False,,,"[""CancelReasonAPI"",""Причины отмены""]",,,,[]
ozon_seller,POST,/v1/cancel-reason/list-by-order,[],CancelReasonListByOrder,CURRENT,,,False,,,"[""CancelReasonAPI"",""Причины отмены""]",,,,[]
ozon_seller,POST,/v1/cancel-reason/list-by-posting,[],CancelReasonAPI_CancelReasonListByPosting,CURRENT,,,False,,,"[""CancelReasonAPI"",""Причины отмены""]",,,,[]
ozon_seller,POST,/v1/cargoes-label/create,[],CargoesAPI_CargoesLabelCreate,CURRENT,,,False,,,"[""FboSupplyRequest"",""Создание и управление заявками на поставку FBO""]",,,,[]
ozon_seller,GET,/v1/cargoes-label/file/{file_guid},[],CargoesAPI_CargoesLabelFile,CURRENT,,,False,,,"[""FboSupplyRequest"",""Создание и управление заявками на поставку FBO""]",,,,[]
ozon_seller,POST,/v1/cargoes-label/get,[],CargoesAPI_CargoesLabelGet,CURRENT,,,False,,,"[""FboSupplyRequest"",""Создание и управление заявками на поставку FBO""]",,,,[]
ozon_seller,POST,/v1/cargoes/create,[],CargoesAPI_CargoesCreate,CURRENT,,,False,,,"[""FboSupplyRequest"",""Создание и управление заявками на поставку FBO""]",,,,[]
ozon_seller,POST,/v1/cargoes/delete,[],CargoesAPI_CargoesDelete,CURRENT,,,False,,,"[""FboSupplyRequest"",""Создание и управление заявками на поставку FBO""]",,,,[]
ozon_seller,POST,/v1/cargoes/delete/status,[],CargoesAPI_CargoesDeleteStatus,CURRENT,,,False,,,"[""FboSupplyRequest"",""Создание и управление заявками на поставку FBO""]",,,,[]
ozon_seller,POST,/v1/cargoes/get,[],CargoesGet,CURRENT,,,False,,,"[""FboSupplyRequest"",""Создание и управление заявками на поставку FBO""]",,,,[]
ozon_seller,POST,/v1/cargoes/label/transport-by-order/create,[],CargoesLabelTransportByOrderCreate,CURRENT,,,False,,,"[""FBOTransport"",""Работа с транспортными грузоместами FBO""]",,,,[]
ozon_seller,POST,/v1/cargoes/label/transport-by-order/status,[],CargoesLabelTransportByOrderStatus,CURRENT,,,False,,,"[""FBOTransport"",""Работа с транспортными грузоместами FBO""]",,,,[]
ozon_seller,POST,/v1/cargoes/label/transport/create,[],CargoesLabelTransportCreate,CURRENT,,,False,,,"[""FBOTransport"",""Работа с транспортными грузоместами FBO""]",,,,[]
ozon_seller,POST,/v1/cargoes/label/transport/status,[],CargoesLabelTransportStatus,CURRENT,,,False,,,"[""FBOTransport"",""Работа с транспортными грузоместами FBO""]",,,,[]
ozon_seller,POST,/v1/cargoes/rules/get,[],CargoesAPI_CargoesRulesGet,CURRENT,,,False,,,"[""FboSupplyRequest"",""Создание и управление заявками на поставку FBO""]",,,,[]
ozon_seller,POST,/v1/cargoes/supplies/get,[],CargoesSuppliesGet,CURRENT,,,False,,,"[""FBOTransport"",""Работа с транспортными грузоместами FBO""]",,,,[]
ozon_seller,POST,/v1/cargoes/transport/activate,[],CargoesTransportActivate,CURRENT,,,False,,,"[""FBOTransport"",""Работа с транспортными грузоместами FBO""]",,,,[]
ozon_seller,POST,/v1/cargoes/transport/activate/status,[],CargoesTransportActivateStatus,CURRENT,,,False,,,"[""FBOTransport"",""Работа с транспортными грузоместами FBO""]",,,,[]
ozon_seller,POST,/v1/cargoes/transport/bind,[],CargoesTransportBind,CURRENT,,,False,,,"[""FBOTransport"",""Работа с транспортными грузоместами FBO""]",,,,[]
ozon_seller,POST,/v1/cargoes/transport/bind/status,[],CargoesTransportBindStatus,CURRENT,,,False,,,"[""FBOTransport"",""Работа с транспортными грузоместами FBO""]",,,,[]
ozon_seller,POST,/v1/cargoes/transport/create,[],CargoesTransportCreate,CURRENT,,,False,,,"[""FBOTransport"",""Работа с транспортными грузоместами FBO""]",,,,[]
ozon_seller,POST,/v1/cargoes/transport/create/status,[],CargoesTransportCreateStatus,CURRENT,,,False,,,"[""FBOTransport"",""Работа с транспортными грузоместами FBO""]",,,,[]
ozon_seller,POST,/v1/carriage/act-discrepancy/pdf,[],CarriageActDiscrepancyPDF,CURRENT,,,False,,,"[""DeliveryFBS"",""Доставка FBS""]",,,,[]
ozon_seller,POST,/v1/carriage/approve,[],CarriageAPI_CarriageApprove,CURRENT,,,False,,,"[""DeliveryFBS"",""Доставка FBS""]",,,,[]
ozon_seller,POST,/v1/carriage/cancel,[],CarriageAPI_CarriageCancel,CURRENT,,,False,,,"[""DeliveryFBS"",""Доставка FBS""]",,,,[]
ozon_seller,POST,/v1/carriage/container/approve,[],CarriageContainerApprove,CURRENT,,,False,,,"[""CarriageAPI"",""Работа с грузоместами FBS""]",,,,[]
ozon_seller,POST,/v1/carriage/container/cancel,[],CarriageContainerCancel,CURRENT,,,False,,,"[""CarriageAPI"",""Работа с грузоместами FBS""]",,,,[]
ozon_seller,POST,/v1/carriage/container/create,[],CarriageContainerCreate,CURRENT,,,False,,,"[""CarriageAPI"",""Работа с грузоместами FBS""]",,,,[]
ozon_seller,POST,/v1/carriage/container/document/get,[],CarriageContainerDocumentGet,CURRENT,,,False,,,"[""CarriageAPI"",""Работа с грузоместами FBS""]",,,,[]
ozon_seller,POST,/v1/carriage/container/fill,[],CarriageContainerFill,CURRENT,,,False,,,"[""CarriageAPI"",""Работа с грузоместами FBS""]",,,,[]
ozon_seller,POST,/v1/carriage/container/get,[],CarriageContainerGet,CURRENT,,,False,,,"[""CarriageAPI"",""Работа с грузоместами FBS""]",,,,[]
ozon_seller,POST,/v1/carriage/container/label/get,[],CarriageContainerLabelGet,CURRENT,,,False,,,"[""CarriageAPI"",""Работа с грузоместами FBS""]",,,,[]
ozon_seller,POST,/v1/carriage/container/list,[],CarriageContainerList,CURRENT,,,False,,,"[""CarriageAPI"",""Работа с грузоместами FBS""]",,,,[]
ozon_seller,POST,/v1/carriage/container/place-into,[],CarriageContainerPlaceInto,CURRENT,,,False,,,"[""CarriageAPI"",""Работа с грузоместами FBS""]",,,,[]
ozon_seller,POST,/v1/carriage/container/remove-from,[],CarriageContainerRemoveFrom,CURRENT,,,False,,,"[""CarriageAPI"",""Работа с грузоместами FBS""]",,,,[]
ozon_seller,POST,/v1/carriage/container/remove-postings,[],CarriageContainerRemovePostings,CURRENT,,,False,,,"[""CarriageAPI"",""Работа с грузоместами FBS""]",,,,[]
ozon_seller,POST,/v1/carriage/container/status/get,[],CarriageContainerStatusGet,CURRENT,,,False,,,"[""CarriageAPI"",""Работа с грузоместами FBS""]",,,,[]
ozon_seller,POST,/v1/carriage/container/task/info,[],CarriageContainerTaskInfo,CURRENT,,,False,,,"[""CarriageAPI"",""Работа с грузоместами FBS""]",,,,[]
ozon_seller,POST,/v1/carriage/courier-contact/get,[],CarriageCourierContactGet,CURRENT,,,False,,,"[""DeliveryFBS"",""Доставка FBS""]",,,,[]
ozon_seller,POST,/v1/carriage/courier-contact/set,[],CarriageCourierContactSet,CURRENT,,,False,,,"[""DeliveryFBS"",""Доставка FBS""]",,,,[]
ozon_seller,POST,/v1/carriage/create,[],CarriageAPI_CarriageCreate,CURRENT,,,False,,,"[""DeliveryFBS"",""Доставка FBS""]",,,,[]
ozon_seller,POST,/v1/carriage/delivery/list,[],CarriageAPI_CarriageDeliveryList,CURRENT,,,False,,,"[""DeliveryFBS"",""Доставка FBS""]",,,,[]
ozon_seller,POST,/v1/carriage/ettn/status,[],CarriageEttnStatus,CURRENT,,,False,,,"[""DeliveryFBS"",""Доставка FBS""]",,,,[]
ozon_seller,POST,/v1/carriage/get,[],CarriageGet,CURRENT,,,False,,,"[""DeliveryFBS"",""Доставка FBS""]",,,,[]
ozon_seller,POST,/v1/carriage/pass/create,[],carriagePassCreate,CURRENT,,,False,,,"[""Pass"",""Пропуски""]",,,,[]
ozon_seller,POST,/v1/carriage/pass/delete,[],carriagePassDelete,CURRENT,,,False,,,"[""Pass"",""Пропуски""]",,,,[]
ozon_seller,POST,/v1/carriage/pass/update,[],carriagePassUpdate,CURRENT,,,False,,,"[""Pass"",""Пропуски""]",,,,[]
ozon_seller,POST,/v1/carriage/set-postings,[],CarriageAPI_SetPostings,CURRENT,,,False,,,"[""DeliveryFBS"",""Доставка FBS""]",,,,[]
ozon_seller,POST,/v1/chat/send/file,[],ChatAPI_ChatSendFile,CURRENT,,,False,,,"[""ChatAPI"",""Чаты с покупателями""]",,,,[]
ozon_seller,POST,/v1/chat/send/message,[],ChatAPI_ChatSendMessage,CURRENT,,,False,,,"[""Premium"",""Premium-методы""]",,,,[]
ozon_seller,POST,/v1/chat/start,[],ChatAPI_ChatStart,CURRENT,,,False,,,"[""Premium"",""Premium-методы""]",,,,[]
ozon_seller,POST,/v1/cluster/list,[],SupplyDraftAPI_DraftClusterList,CURRENT,,,False,,,"[""FboSupplyRequest"",""Создание и управление заявками на поставку FBO""]",,,,[]
ozon_seller,POST,/v1/delivery-method/list,[],WarehouseAPI_DeliveryMethodList,CURRENT,,,False,,,"[""WarehouseAPI"",""Работа со складами FBS и rFBS""]",,,,[]
ozon_seller,POST,/v1/delivery-method/return/settings/get,[],GetDeliveryMethodReturnSettingsV1,CURRENT,,,False,,,"[""WarehouseAPI"",""Работа со складами FBS и rFBS""]",,,,[]
ozon_seller,POST,/v1/delivery/check,[],DeliveryCheck,CURRENT,,,False,,,"[""DeliveryAPI"",""Доставка""]",,,,[]
ozon_seller,POST,/v1/delivery/map,[],DeliveryMap,CURRENT,,,False,,,"[""DeliveryAPI"",""Доставка""]",,,,[]
ozon_seller,POST,/v1/delivery/point/info,[],DeliveryPointInfo,CURRENT,,,False,,,"[""DeliveryAPI"",""Доставка""]",,,,[]
ozon_seller,POST,/v1/delivery/point/list,[],DeliveryAPI_DeliveryPointList,CURRENT,,,False,,,"[""DeliveryAPI"",""Доставка""]",,,,[]
ozon_seller,POST,/v1/description-category/attribute,[],DescriptionCategoryAPI_GetAttributes,CURRENT,,,False,,,"[""CategoryAPI"",""Атрибуты и характеристики Ozon""]",,,,[]
ozon_seller,POST,/v1/description-category/attribute/values,[],DescriptionCategoryAPI_GetAttributeValues,CURRENT,,,False,,,"[""CategoryAPI"",""Атрибуты и характеристики Ozon""]",,,,[]
ozon_seller,POST,/v1/description-category/attribute/values/search,[],DescriptionCategoryAPI_SearchAttributeValues,CURRENT,,,False,,,"[""CategoryAPI"",""Атрибуты и характеристики Ozon""]",,,,[]
ozon_seller,POST,/v1/description-category/tree,[],DescriptionCategoryAPI_GetTree,CURRENT,,,False,,,"[""CategoryAPI"",""Атрибуты и характеристики Ozon""]",,,,[]
ozon_seller,POST,/v1/draft/crossdock/create,[],DraftCrossdockCreate,CURRENT,,,False,,,"[""FboSupplyRequest"",""Создание и управление заявками на поставку FBO""]",,,,[]
ozon_seller,POST,/v1/draft/direct/create,[],DraftDirectCreate,CURRENT,,,False,,,"[""FboSupplyRequest"",""Создание и управление заявками на поставку FBO""]",,,,[]
ozon_seller,POST,/v1/draft/multi-cluster/create,[],DraftMultiClusterCreate,CURRENT,,,False,,,"[""FboSupplyRequest"",""Создание и управление заявками на поставку FBO""]",,,,[]
ozon_seller,POST,/v1/fbp/act-from/create,[],FbpAPI_FbpCreateAct,CURRENT,,,False,,,"[""DeliveryFBP"",""Работа с созданной поставкой FBP""]",,,,[]
ozon_seller,POST,/v1/fbp/act-from/get,[],FbpAPI_FbpCheckActState,CURRENT,,,False,,,"[""DeliveryFBP"",""Работа с созданной поставкой FBP""]",,,,[]
ozon_seller,POST,/v1/fbp/act-to/create,[],FbpAPI_FbpCreateConsignmentNote,CURRENT,,,False,,,"[""DeliveryFBP"",""Работа с созданной поставкой FBP""]",,,,[]
ozon_seller,POST,/v1/fbp/act-to/get,[],FbpAPI_FbpCheckConsignmentNoteState,CURRENT,,,False,,,"[""DeliveryFBP"",""Работа с созданной поставкой FBP""]",,,,[]
ozon_seller,POST,/v1/fbp/archive/get,[],FbpAPI_FbpArchiveGet,CURRENT,,,False,,,"[""DeliveryFBP"",""Работа с созданной поставкой FBP""]",,,,[]
ozon_seller,POST,/v1/fbp/archive/list,[],FbpAPI_FbpArchiveList,CURRENT,,,False,,,"[""DeliveryFBP"",""Работа с созданной поставкой FBP""]",,,,[]
ozon_seller,POST,/v1/fbp/draft/direct/create,[],FbpDraftDirectCreate,CURRENT,,,False,,,"[""DraftDirectFBP"",""Работа с FBP-черновиками с доставкой direct""]",,,,[]
ozon_seller,POST,/v1/fbp/draft/direct/delete,[],FbpDraftDirectDelete,CURRENT,,,False,,,"[""DraftDirectFBP"",""Работа с FBP-черновиками с доставкой direct""]",,,,[]
ozon_seller,POST,/v1/fbp/draft/direct/product/validate,[],FbpDraftDirectProductValidate,CURRENT,,,False,,,"[""DraftDirectFBP"",""Работа с FBP-черновиками с доставкой direct""]",,,,[]
ozon_seller,POST,/v1/fbp/draft/direct/registrate,[],FbpDraftDirectRegistrate,CURRENT,,,False,,,"[""DraftDirectFBP"",""Работа с FBP-черновиками с доставкой direct""]",,,,[]
ozon_seller,POST,/v1/fbp/draft/direct/seller-dlv/create,[],FbpDraftDirectSellerDlvCreate,CURRENT,,,False,,,"[""DraftDirectFBP"",""Работа с FBP-черновиками с доставкой direct""]",,,,[]
ozon_seller,POST,/v1/fbp/draft/direct/seller-dlv/edit,[],FbpDraftDirectSellerDlvEdit,CURRENT,,,False,,,"[""DraftDirectFBP"",""Работа с FBP-черновиками с доставкой direct""]",,,,[]
ozon_seller,POST,/v1/fbp/draft/direct/timeslot/edit,[],FbpDraftDirectTimeslotEdit,CURRENT,,,False,,,"[""DraftDirectFBP"",""Работа с FBP-черновиками с доставкой direct""]",,,,[]
ozon_seller,POST,/v1/fbp/draft/direct/timeslot/get,[],FbpDraftDirectGetTimeslot,CURRENT,,,False,,,"[""DraftDirectFBP"",""Работа с FBP-черновиками с доставкой direct""]",,,,[]
ozon_seller,POST,/v1/fbp/draft/direct/tpl-dlv/create,[],FbpAPI_FbpDraftDirectTplDlvCreate,CURRENT,,,False,,,"[""DraftDirectFBP"",""Работа с FBP-черновиками с доставкой direct""]",,,,[]
ozon_seller,POST,/v1/fbp/draft/direct/tpl-dlv/edit,[],FbpAPI_FbpDraftDirectTplDlvEdit,CURRENT,,,False,,,"[""DraftDirectFBP"",""Работа с FBP-черновиками с доставкой direct""]",,,,[]
ozon_seller,POST,/v1/fbp/draft/drop-off/create,[],FbpDraftDropOffCreate,CURRENT,,,False,,,"[""DraftDropOffFBP"",""Работа с FBP-черновиками c доставкой drop-off""]",,,,[]
ozon_seller,POST,/v1/fbp/draft/drop-off/delete,[],FbpDraftDropOffDelete,CURRENT,,,False,,,"[""DraftDropOffFBP"",""Работа с FBP-черновиками c доставкой drop-off""]",,,,[]
ozon_seller,POST,/v1/fbp/draft/drop-off/dlv/edit,[],FbpDraftDropOffDlvEdit,CURRENT,,,False,,,"[""DraftDropOffFBP"",""Работа с FBP-черновиками c доставкой drop-off""]",,,,[]
ozon_seller,POST,/v1/fbp/draft/drop-off/point/list,[],FbpDraftDropOffPointList,CURRENT,,,False,,,"[""DraftDropOffFBP"",""Работа с FBP-черновиками c доставкой drop-off""]",,,,[]
ozon_seller,POST,/v1/fbp/draft/drop-off/point/timetable,[],FbpDraftDropOffPointTimetable,CURRENT,,,False,,,"[""DraftDropOffFBP"",""Работа с FBP-черновиками c доставкой drop-off""]",,,,[]
ozon_seller,POST,/v1/fbp/draft/drop-off/product/validate,[],FbpDraftDropOffProductValidate,CURRENT,,,False,,,"[""DraftDropOffFBP"",""Работа с FBP-черновиками c доставкой drop-off""]",,,,[]
ozon_seller,POST,/v1/fbp/draft/drop-off/province/list,[],FbpDraftDropOffProvinceList,CURRENT,,,False,,,"[""DraftDropOffFBP"",""Работа с FBP-черновиками c доставкой drop-off""]",,,,[]
ozon_seller,POST,/v1/fbp/draft/drop-off/registrate,[],FbpDraftDropOffRegistrate,CURRENT,,,False,,,"[""DraftDropOffFBP"",""Работа с FBP-черновиками c доставкой drop-off""]",,,,[]
ozon_seller,POST,/v1/fbp/draft/get,[],FbpAPI_FbpDraftGet,CURRENT,,,False,,,"[""DeliveryFBPDraft"",""Работа с FBP-черновиками""]",,,,[]
ozon_seller,POST,/v1/fbp/draft/list,[],FbpAPI_FbpDraftList,CURRENT,,,False,,,"[""DeliveryFBPDraft"",""Работа с FBP-черновиками""]",,,,[]
ozon_seller,POST,/v1/fbp/draft/pick-up/create,[],FbpAPI_FbpDraftPickupCreate,CURRENT,,,False,,,"[""DraftPickupFBP"",""Работа с FBP-черновиками с доставкой pick-up""]",,,,[]
ozon_seller,POST,/v1/fbp/draft/pick-up/delete,[],FbpAPI_FbpDraftPickUpDelete,CURRENT,,,False,,,"[""DraftPickupFBP"",""Работа с FBP-черновиками с доставкой pick-up""]",,,,[]
ozon_seller,POST,/v1/fbp/draft/pick-up/dlv/edit,[],FbpAPI_FbpDraftPickupDlvEdit,CURRENT,,,False,,,"[""DraftPickupFBP"",""Работа с FBP-черновиками с доставкой pick-up""]",,,,[]
ozon_seller,POST,/v1/fbp/draft/pick-up/product/validate,[],FbpAPI_FbpDraftPickUpProductValidate,CURRENT,,,False,,,"[""DraftPickupFBP"",""Работа с FBP-черновиками с доставкой pick-up""]",,,,[]
ozon_seller,POST,/v1/fbp/draft/pick-up/registrate,[],FbpDraftPickUpRegistrate,CURRENT,,,False,,,"[""DraftPickupFBP"",""Работа с FBP-черновиками с доставкой pick-up""]",,,,[]
ozon_seller,POST,/v1/fbp/label/create,[],FbpAPI_FbpCreateLabel,CURRENT,,,False,,,"[""DeliveryFBP"",""Работа с созданной поставкой FBP""]",,,,[]
ozon_seller,POST,/v1/fbp/label/get,[],FbpAPI_FbpGetLabel,CURRENT,,,False,,,"[""DeliveryFBP"",""Работа с созданной поставкой FBP""]",,,,[]
ozon_seller,POST,/v1/fbp/order/direct/cancel,[],FbpAPI_FbpOrderDirectCancel,CURRENT,,,False,,,"[""OrderDirectFBP"",""Работа с FBP-поставками с доставкой direct""]",,,,[]
ozon_seller,POST,/v1/fbp/order/direct/seller-dlv/edit,[],FbpAPI_FbpOrderDirectSellerDlvEdit,CURRENT,,,False,,,"[""OrderDirectFBP"",""Работа с FBP-поставками с доставкой direct""]",,,,[]
ozon_seller,POST,/v1/fbp/order/direct/timeslot/edit,[],FbpAPI_FbpEditTimeslot,CURRENT,,,False,,,"[""OrderDirectFBP"",""Работа с FBP-поставками с доставкой direct""]",,,,[]
ozon_seller,POST,/v1/fbp/order/direct/timeslot/list,[],FbpAPI_FbpAvailableTimeslotList,CURRENT,,,False,,,"[""OrderDirectFBP"",""Работа с FBP-поставками с доставкой direct""]",,,,[]
ozon_seller,POST,/v1/fbp/order/drop-off/cancel,[],FbpAPI_FbpOrderDropOffCancel,CURRENT,,,False,,,"[""OrderDropOffFBP"",""Работа с FBP-поставками с доставкой drop-off""]",,,,[]
ozon_seller,POST,/v1/fbp/order/drop-off/dlv/edit,[],FbpAPI_FbpOrderDropOffDlvEdit,CURRENT,,,False,,,"[""OrderDropOffFBP"",""Работа с FBP-поставками с доставкой drop-off""]",,,,[]
ozon_seller,POST,/v1/fbp/order/drop-off/timetable,[],FbpAPI_FbpOrderDropOffTimetable,CURRENT,,,False,,,"[""OrderDropOffFBP"",""Работа с FBP-поставками с доставкой drop-off""]",,,,[]
ozon_seller,POST,/v1/fbp/order/get,[],FbpAPI_FbpOrderGet,CURRENT,,,False,,,"[""DeliveryFBP"",""Работа с созданной поставкой FBP""]",,,,[]
ozon_seller,POST,/v1/fbp/order/list,[],FbpAPI_FbpOrderList,CURRENT,,,False,,,"[""DeliveryFBP"",""Работа с созданной поставкой FBP""]",,,,[]
ozon_seller,POST,/v1/fbp/order/pick-up/cancel,[],FbpAPI_FbpOrderPickUpCancel,CURRENT,,,False,,,"[""OrderPickupFBP"",""Работа с FBP-поставками с доставкой pick-up""]",,,,[]
ozon_seller,POST,/v1/fbp/order/pick-up/dlv/edit,[],FbpAPI_FbpOrderPickUpDlvEdit,CURRENT,,,False,,,"[""OrderPickupFBP"",""Работа с FBP-поставками с доставкой pick-up""]",,,,[]
ozon_seller,POST,/v1/fbp/warehouse/list,[],FbpWarehouseList,CURRENT,,,False,,,"[""DeliveryFBPDraft"",""Работа с FBP-черновиками""]",,,,[]
ozon_seller,POST,/v1/fbs/posting/product/exemplar/update,[],PostingAPI_FbsPostingProductExemplarUpdate,CURRENT,,,False,,,"[""FBS&rFBSMarks"",""Управление кодами маркировки и сборкой заказов для FBS/rFBS""]",,,,[]
ozon_seller,POST,/v1/finance/accrual/by-day,[],GetFinanceAccrualByDay,CURRENT,,,False,,,"[""BetaMethod"",""Прочие методы""]",,,,[]
ozon_seller,POST,/v1/finance/accrual/postings,[],GetFinanceAccrualPostings,CURRENT,,,False,,,"[""BetaMethod"",""Прочие методы""]",,,,[]
ozon_seller,POST,/v1/finance/accrual/types,[],GetFinanceAccrualTypes,CURRENT,,,False,,,"[""BetaMethod"",""Прочие методы""]",,,,[]
ozon_seller,POST,/v1/finance/balance,[],GetFinanceBalanceV1,CURRENT,,,False,,,"[""BetaMethod"",""Прочие методы""]",,,,[]
ozon_seller,POST,/v1/finance/cash-flow-statement/list,[],FinanceAPI_FinanceCashFlowStatementList,CURRENT,,,False,,,"[""ReportAPI"",""Отчёты""]",,,,[]
ozon_seller,POST,/v1/finance/compensation,[],ReportAPI_GetCompensationReport,CURRENT,,,False,,,"[""FinanceAPI"",""Финансовые отчёты""]",,,,[]
ozon_seller,POST,/v1/finance/decompensation,[],ReportAPI_GetDecompensationReport,CURRENT,,,False,,,"[""FinanceAPI"",""Финансовые отчёты""]",,,,[]
ozon_seller,POST,/v1/finance/document-b2b-sales,[],ReportAPI_CreateDocumentB2BSalesReport,CURRENT,,,False,,,"[""FinanceAPI"",""Финансовые отчёты""]",,,,[]
ozon_seller,POST,/v1/finance/document-b2b-sales/json,[],ReportAPI_CreateDocumentB2BSalesJSONReport,CURRENT,,,False,,,"[""FinanceAPI"",""Финансовые отчёты""]",,,,[]
ozon_seller,POST,/v1/finance/mutual-settlement,[],ReportAPI_CreateMutualSettlementReport,CURRENT,,,False,,,"[""FinanceAPI"",""Финансовые отчёты""]",,,,[]
ozon_seller,POST,/v1/finance/products/buyout,[],GetFinanceProductsBuyout,CURRENT,,,False,,,"[""FinanceAPI"",""Финансовые отчёты""]",,,,[]
ozon_seller,POST,/v1/finance/realization/by-day,[],FinanceAPI_GetRealizationByDayReportV1,CURRENT,,,False,,,"[""Premium"",""Premium-методы""]",,,,[]
ozon_seller,POST,/v1/finance/realization/posting,[],FinanceAPI_GetRealizationReportV1,CURRENT,,,False,,,"[""FinanceAPI"",""Финансовые отчёты""]",,,,[]
ozon_seller,POST,/v1/invoice/delete,[],invoice_delete,CURRENT,,,False,,,"[""SupplierAPI"",""Накладные""]",,,,[]
ozon_seller,POST,/v1/invoice/file/upload,[],invoice_upload,CURRENT,,,False,,,"[""SupplierAPI"",""Накладные""]",,,,[]
ozon_seller,POST,/v1/notification/check,[],CheckNotification,CURRENT,,,False,,,"[""Notification"",""Работа с пуш-уведомлениями""]",,,,[]
ozon_seller,POST,/v1/notification/delete,[],DeleteNotification,CURRENT,,,False,,,"[""Notification"",""Работа с пуш-уведомлениями""]",,,,[]
ozon_seller,POST,/v1/notification/enable,[],EnableNotification,CURRENT,,,False,,,"[""Notification"",""Работа с пуш-уведомлениями""]",,,,[]
ozon_seller,POST,/v1/notification/list,[],NotificationList,CURRENT,,,False,,,"[""Notification"",""Работа с пуш-уведомлениями""]",,,,[]
ozon_seller,POST,/v1/notification/push-type/list,[],GetNotificationPushTypeList,CURRENT,,,False,,,"[""Notification"",""Работа с пуш-уведомлениями""]",,,,[]
ozon_seller,POST,/v1/notification/set,[],SetNotification,CURRENT,,,False,,,"[""Notification"",""Работа с пуш-уведомлениями""]",,,,[]
ozon_seller,POST,/v1/notification/update,[],UpdateNotification,CURRENT,,,False,,,"[""Notification"",""Работа с пуш-уведомлениями""]",,,,[]
ozon_seller,POST,/v1/order/cancel,[],OrderAPI_OrderCancel,CURRENT,,,False,,,"[""OrderAPI"",""Заказы""]",,,,[]
ozon_seller,POST,/v1/order/cancel/check,[],OrderAPI_OrderCancelCheck,CURRENT,,,False,,,"[""OrderAPI"",""Заказы""]",,,,[]
ozon_seller,POST,/v1/order/cancel/status,[],OrderAPI_OrderCancelStatus,CURRENT,,,False,,,"[""OrderAPI"",""Заказы""]",,,,[]
ozon_seller,POST,/v1/pass/list,[],PassList,CURRENT,,,False,,,"[""Pass"",""Пропуски""]",,,,[]
ozon_seller,POST,/v1/polygon/bind,[],PolygonAPI_BindPolygon,CURRENT,,,False,,,"[""PolygonAPI"",""Полигоны""]",,,,[]
ozon_seller,POST,/v1/polygon/create,[],PolygonAPI_CreatePolygon,CURRENT,,,False,,,"[""PolygonAPI"",""Полигоны""]",,,,[]
ozon_seller,POST,/v1/polygon/delete,[],PolygonDelete,CURRENT,,,False,,,"[""PolygonAPI"",""Полигоны""]",,,,[]
ozon_seller,POST,/v1/polygon/list,[],PolygonList,CURRENT,,,False,,,"[""PolygonAPI"",""Полигоны""]",,,,[]
ozon_seller,POST,/v1/polygon/time/coordinates/update,[],PolygonTimeCoordinatesUpdate,CURRENT,,,False,,,"[""PolygonAPI"",""Полигоны""]",,,,[]
ozon_seller,POST,/v1/polygon/time/set,[],PolygonTimeSet,CURRENT,,,False,,,"[""PolygonAPI"",""Полигоны""]",,,,[]
ozon_seller,POST,/v1/posting/cancel,[],PostingAPI_PostingCancel,CURRENT,,,False,,,"[""FboPostingAPI"",""Отправления""]",,,,[]
ozon_seller,POST,/v1/posting/cancel/status,[],PostingAPI_PostingCancelStatus,CURRENT,,,False,,,"[""FboPostingAPI"",""Отправления""]",,,,[]
ozon_seller,POST,/v1/posting/carriage-available/list,[],PostingAPI_GetCarriageAvailableList,CURRENT,,,False,,,"[""DeliveryFBS"",""Доставка FBS""]",,,,[]
ozon_seller,POST,/v1/posting/cutoff/set,[],PostingAPI_SetPostingCutoff,CURRENT,,,False,,,"[""DeliveryrFBS"",""Доставка rFBS""]",,,,[]
ozon_seller,POST,/v1/posting/digital/codes/upload,[],UploadPostingCodes,CURRENT,,,False,,,"[""Digital"",""Работа с цифровыми товарами""]",,,,[]
ozon_seller,POST,/v1/posting/digital/list,[],ListPostingCodes,SHUTDOWN,2026-08-31,"{""method"":""POST"",""path"":""/v2/posting/digital/list""}",True,,,"[""Digital"",""Работа с цифровыми товарами""]",,,,"[""https://t.me/s/OzonSellerAPI?before=667""]"
ozon_seller,POST,/v1/posting/fbo/cancel-reason/list,[],PostingAPI_GetPostingFboCancelReasonList,CURRENT,,,False,,,"[""FBO"",""Доставка FBO""]",,,,[]
ozon_seller,POST,/v1/posting/fbp/get,[],GetFbpPosting,CURRENT,,,False,,,"[""BetaMethod"",""Прочие методы""]",,,,[]
ozon_seller,POST,/v1/posting/fbp/list,[],PostingFbpList,CURRENT,,,False,,,"[""DeliveryFBP"",""Работа с созданной поставкой FBP""]",,,,[]
ozon_seller,POST,/v1/posting/fbs/cancel-reason,[],PostingAPI_GetPostingFbsCancelReasonV1,CURRENT,,,False,,,"[""FBS"",""Обработка заказов FBS и rFBS""]",,,,[]
ozon_seller,POST,/v1/posting/fbs/package-label/create,[],PostingAPI_CreateLabelBatch,CURRENT,,,False,,,"[""FBS"",""Обработка заказов FBS и rFBS""]",,,,[]
ozon_seller,POST,/v1/posting/fbs/package-label/get,[],PostingAPI_GetLabelBatch,CURRENT,,,False,,,"[""FBS"",""Обработка заказов FBS и rFBS""]",,,,[]
ozon_seller,POST,/v1/posting/fbs/pick-up-code/verify,[],PostingAPI_PostingFBSPickupCodeVerify,CURRENT,,,False,,,"[""FBS"",""Обработка заказов FBS и rFBS""]",,,,[]
ozon_seller,POST,/v1/posting/fbs/product/traceable/attribute,[],PostingFbsProductTraceableAttribute,CURRENT,,,False,,,"[""DeliveryFBS"",""Доставка FBS""]",,,,[]
ozon_seller,POST,/v1/posting/fbs/restrictions,[],PostingAPI_GetRestrictions,CURRENT,,,False,,,"[""FBS"",""Обработка заказов FBS и rFBS""]",,,,[]
ozon_seller,POST,/v1/posting/fbs/split,[],FbsSplit,CURRENT,,,False,,,"[""DeliveryFBS"",""Доставка FBS""]",,,,[]
ozon_seller,POST,/v1/posting/fbs/timeslot/change-restrictions,[],PostingAPI_PostingTimeslotChangeRestrictions,CURRENT,,,False,,,"[""DeliveryrFBS"",""Доставка rFBS""]",,,,[]
ozon_seller,POST,/v1/posting/fbs/timeslot/set,[],PostingAPI_SetPostingTimeslot,CURRENT,,,False,,,"[""DeliveryrFBS"",""Доставка rFBS""]",,,,[]
ozon_seller,POST,/v1/posting/fbs/traceable/split,[],PostingFbsTraceableSplit,CURRENT,,,False,,,"[""DeliveryFBS"",""Доставка FBS""]",,,,[]
ozon_seller,POST,/v1/posting/global/etgb,[],PostingAPI_GetEtgb,CURRENT,,,False,,,"[""FBS"",""Обработка заказов FBS и rFBS""]",,,,[]
ozon_seller,POST,/v1/posting/marks,[],PostingAPI_PostingMarks,CURRENT,,,False,,,"[""FboPostingAPI"",""Отправления""]",,,,[]
ozon_seller,POST,/v1/posting/unpaid-legal/product/list,[],PostingAPI_UnpaidLegalProductList,CURRENT,,,False,,,"[""FBS"",""Обработка заказов FBS и rFBS""]",,,,[]
ozon_seller,POST,/v1/pricing-strategy/competitors/list,[],pricing_competitors,CURRENT,,,False,,,"[""PricingStrategyAPI"",""Стратегии ценообразования""]",,,,[]
ozon_seller,POST,/v1/pricing-strategy/create,[],pricing_create,CURRENT,,,False,,,"[""PricingStrategyAPI"",""Стратегии ценообразования""]",,,,[]
ozon_seller,POST,/v1/pricing-strategy/delete,[],pricing_delete,CURRENT,,,False,,,"[""PricingStrategyAPI"",""Стратегии ценообразования""]",,,,[]
ozon_seller,POST,/v1/pricing-strategy/info,[],pricing_info,CURRENT,,,False,,,"[""PricingStrategyAPI"",""Стратегии ценообразования""]",,,,[]
ozon_seller,POST,/v1/pricing-strategy/list,[],pricing_list,CURRENT,,,False,,,"[""PricingStrategyAPI"",""Стратегии ценообразования""]",,,,[]
ozon_seller,POST,/v1/pricing-strategy/product/info,[],pricing_items-info,CURRENT,,,False,,,"[""PricingStrategyAPI"",""Стратегии ценообразования""]",,,,[]
ozon_seller,POST,/v1/pricing-strategy/products/add,[],pricing_items-add,CURRENT,,,False,,,"[""PricingStrategyAPI"",""Стратегии ценообразования""]",,,,[]
ozon_seller,POST,/v1/pricing-strategy/products/delete,[],pricing_items-delete,CURRENT,,,False,,,"[""PricingStrategyAPI"",""Стратегии ценообразования""]",,,,[]
ozon_seller,POST,/v1/pricing-strategy/products/list,[],pricing_items-list,CURRENT,,,False,,,"[""PricingStrategyAPI"",""Стратегии ценообразования""]",,,,[]
ozon_seller,POST,/v1/pricing-strategy/status,[],pricing_status,CURRENT,,,False,,,"[""PricingStrategyAPI"",""Стратегии ценообразования""]",,,,[]
ozon_seller,POST,/v1/pricing-strategy/strategy-ids-by-product-ids,[],pricing_ids,CURRENT,,,False,,,"[""PricingStrategyAPI"",""Стратегии ценообразования""]",,,,[]
ozon_seller,POST,/v1/pricing-strategy/update,[],pricing_update,CURRENT,,,False,,,"[""PricingStrategyAPI"",""Стратегии ценообразования""]",,,,[]
ozon_seller,POST,/v1/product/action/timer/status,[],ProductAPI_ActionTimerStatus,CURRENT,,,False,,,"[""Prices&StocksAPI"",""Цены и остатки товаров""]",,,,[]
ozon_seller,POST,/v1/product/action/timer/update,[],ProductAPI_ActionTimerUpdate,CURRENT,,,False,,,"[""Prices&StocksAPI"",""Цены и остатки товаров""]",,,,[]
ozon_seller,POST,/v1/product/archive,[],ProductAPI_ProductArchive,CURRENT,,,False,,,"[""ProductAPI"",""Загрузка и обновление товаров""]",,,,[]
ozon_seller,POST,/v1/product/attributes/update,[],ProductAPI_ProductUpdateAttributes,CURRENT,,,False,,,"[""ProductAPI"",""Загрузка и обновление товаров""]",,,,[]
ozon_seller,GET,/v1/product/certificate/accordance-types,[],ProductAPI_ProductCertificateAccordanceTypes,CURRENT,,,False,,,"[""CertificationAPI"",""Сертификаты качества""]",,,,[]
ozon_seller,POST,/v1/product/certificate/bind,[],ProductAPI_ProductCertificateBind,CURRENT,,,False,,,"[""CertificationAPI"",""Сертификаты качества""]",,,,[]
ozon_seller,POST,/v1/product/certificate/create,[],ProductAPI_ProductCertificateCreate,DEPRECATED,,,True,,,"[""CertificationAPI"",""Сертификаты качества""]",,,,[]
ozon_seller,POST,/v1/product/certificate/delete,[],CertificateDelete,CURRENT,,,False,,,"[""CertificationAPI"",""Сертификаты качества""]",,,,[]
ozon_seller,POST,/v1/product/certificate/info,[],CertificateInfo,CURRENT,,,False,,,"[""CertificationAPI"",""Сертификаты качества""]",,,,[]
ozon_seller,POST,/v1/product/certificate/list,[],CertificateList,CURRENT,,,False,,,"[""CertificationAPI"",""Сертификаты качества""]",,,,[]
ozon_seller,POST,/v1/product/certificate/product_status/list,[],ProductStatusList,CURRENT,,,False,,,"[""CertificationAPI"",""Сертификаты качества""]",,,,[]
ozon_seller,POST,/v1/product/certificate/products/list,[],CertificateProductsList,CURRENT,,,False,,,"[""CertificationAPI"",""Сертификаты качества""]",,,,[]
ozon_seller,POST,/v1/product/certificate/rejection_reasons/list,[],RejectionReasonsList,CURRENT,,,False,,,"[""CertificationAPI"",""Сертификаты качества""]",,,,[]
ozon_seller,POST,/v1/product/certificate/status/list,[],CertificateStatusList,CURRENT,,,False,,,"[""CertificationAPI"",""Сертификаты качества""]",,,,[]
ozon_seller,GET,/v1/product/certificate/types,[],ProductAPI_ProductCertificateTypes,CURRENT,,,False,,,"[""CertificationAPI"",""Сертификаты качества""]",,,,[]
ozon_seller,POST,/v1/product/certificate/unbind,[],CertificateUnbind,CURRENT,,,False,,,"[""CertificationAPI"",""Сертификаты качества""]",,,,[]
ozon_seller,POST,/v1/product/certification/list,[],ProductAPI_V1ProductCertificationList,CURRENT,,,False,,,"[""CertificationAPI"",""Сертификаты качества""]",,,,[]
ozon_seller,POST,/v1/product/digital/stocks/import,[],DigitalProductAPI_StocksImport,CURRENT,,,False,,,"[""Digital"",""Работа с цифровыми товарами""]",,,,[]
ozon_seller,POST,/v1/product/import-by-sku,[],ProductAPI_ImportProductsBySKU,CURRENT,,,False,,,"[""ProductAPI"",""Загрузка и обновление товаров""]",,,,[]
ozon_seller,POST,/v1/product/import/info,[],ProductAPI_GetImportProductsInfo,CURRENT,,,False,,,"[""ProductAPI"",""Загрузка и обновление товаров""]",,,,[]
ozon_seller,POST,/v1/product/import/prices,[],ProductAPI_ImportProductsPrices,CURRENT,,,False,,,"[""Prices&StocksAPI"",""Цены и остатки товаров""]",,,,[]
ozon_seller,POST,/v1/product/info/description,[],ProductAPI_GetProductInfoDescription,CURRENT,,,False,,,"[""ProductAPI"",""Загрузка и обновление товаров""]",,,,[]
ozon_seller,POST,/v1/product/info/discounted,[],ProductAPI_GetProductInfoDiscounted,CURRENT,,,False,,,"[""Prices&StocksAPI"",""Цены и остатки товаров""]",,,,[]
ozon_seller,POST,/v1/product/info/stocks-by-warehouse/fbo,[],GetProductInfoStocksByWarehouseFbo,CURRENT,,,False,,,"[""ProductAPI"",""BetaMethod"",""Загрузка и обновление товаров""]",,,,[]
ozon_seller,POST,/v1/product/info/stocks-by-warehouse/fbs,[],ProductAPI_ProductStocksByWarehouseFbs,CURRENT,,,False,,,"[""Prices&StocksAPI"",""Цены и остатки товаров""]",,,,[]
ozon_seller,POST,/v1/product/info/subscription,[],ProductAPI_GetProductInfoSubscription,CURRENT,,,False,,,"[""ProductAPI"",""Загрузка и обновление товаров""]",,,,[]
ozon_seller,POST,/v1/product/info/warehouse/stocks,[],ProductInfoWarehouseStocks,CURRENT,,,False,,,"[""Prices&StocksAPI"",""Цены и остатки товаров""]",,,,[]
ozon_seller,POST,/v1/product/info/wrong-volume,[],ProductAPI_ProductInfoWrongVolume,CURRENT,,,False,,,"[""ProductAPI"",""Загрузка и обновление товаров""]",,,,[]
ozon_seller,POST,/v1/product/pictures/import,[],ProductAPI_ProductImportPictures,CURRENT,,,False,,,"[""ProductAPI"",""Загрузка и обновление товаров""]",,,,[]
ozon_seller,POST,/v1/product/placement-zone/info,[],ProductAPI_GetProductPlacementZoneInfo,CURRENT,,,False,,,"[""CategoryAPI"",""Атрибуты и характеристики Ozon""]",,,,[]
ozon_seller,POST,/v1/product/prices/details,[],ProductPricesDetails,CURRENT,,,False,,,"[""Premium"",""Premium-методы""]",,,,[]
ozon_seller,POST,/v1/product/quant/info,[],QuantGetInfo,CURRENT,,,False,,,"[""Quants"",""Работа с квантами""]",,,,[]
ozon_seller,POST,/v1/product/quant/list,[],QuantProductList,CURRENT,,,False,,,"[""Quants"",""Работа с квантами""]",,,,[]
ozon_seller,POST,/v1/product/rating-by-sku,[],ProductAPI_GetProductRatingBySku,CURRENT,,,False,,,"[""ProductAPI"",""Загрузка и обновление товаров""]",,,,[]
ozon_seller,POST,/v1/product/related-sku/get,[],ProductAPI_ProductGetRelatedSKU,CURRENT,,,False,,,"[""ProductAPI"",""Загрузка и обновление товаров""]",,,,[]
ozon_seller,POST,/v1/product/stairway-discount/by-quantity/get,[],ProductAPI_GetProductStairwayDiscountByQuantity,CURRENT,,,False,,,"[""BetaMethod"",""Прочие методы""]",,,,[]
ozon_seller,POST,/v1/product/stairway-discount/by-quantity/set,[],ProductAPI_SetProductStairwayDiscountByQuantity,CURRENT,,,False,,,"[""BetaMethod"",""Прочие методы""]",,,,[]
ozon_seller,POST,/v1/product/unarchive,[],ProductAPI_ProductUnarchive,CURRENT,,,False,,,"[""ProductAPI"",""Загрузка и обновление товаров""]",,,,[]
ozon_seller,POST,/v1/product/update/discount,[],ProductAPI_ProductUpdateDiscount,CURRENT,,,False,,,"[""Prices&StocksAPI"",""Цены и остатки товаров""]",,,,[]
ozon_seller,POST,/v1/product/update/offer-id,[],ProductAPI_ProductUpdateOfferID,CURRENT,,,False,,,"[""ProductAPI"",""Загрузка и обновление товаров""]",,,,[]
ozon_seller,POST,/v1/product/visibility/info,[],ProductVisibilityInfo,CURRENT,,,False,,,"[""BetaMethod"",""Прочие методы""]",,,,[]
ozon_seller,POST,/v1/product/visibility/set,[],ProductVisibilitySet,CURRENT,,,False,,,"[""BetaMethod"",""Прочие методы""]",,,,[]
ozon_seller,POST,/v1/question/answer/create,[],QuestionAnswer_Create,CURRENT,,,False,,,"[""Questions&Answers"",""Работа с вопросами и ответами""]",,,,[]
ozon_seller,POST,/v1/question/answer/delete,[],QuestionAnswer_Delete,CURRENT,,,False,,,"[""Questions&Answers"",""Работа с вопросами и ответами""]",,,,[]
ozon_seller,POST,/v1/question/answer/list,[],QuestionAnswer_List,CURRENT,,,False,,,"[""Questions&Answers"",""Работа с вопросами и ответами""]",,,,[]
ozon_seller,POST,/v1/question/change-status,[],Question_ChangeStatus,CURRENT,,,False,,,"[""Questions&Answers"",""Работа с вопросами и ответами""]",,,,[]
ozon_seller,POST,/v1/question/count,[],Question_Count,CURRENT,,,False,,,"[""Questions&Answers"",""Работа с вопросами и ответами""]",,,,[]
ozon_seller,POST,/v1/question/info,[],Question_Info,CURRENT,,,False,,,"[""Questions&Answers"",""Работа с вопросами и ответами""]",,,,[]
ozon_seller,POST,/v1/question/list,[],Question_List,CURRENT,,,False,,,"[""Questions&Answers"",""Работа с вопросами и ответами""]",,,,[]
ozon_seller,POST,/v1/question/top-sku,[],Question_TopSku,CURRENT,,,False,,,"[""Questions&Answers"",""Работа с вопросами и ответами""]",,,,[]
ozon_seller,POST,/v1/rating/history,[],RatingAPI_RatingHistoryV1,CURRENT,,,False,,,"[""SellerRating"",""Рейтинг продавца""]",,,,[]
ozon_seller,POST,/v1/rating/index/fbs/info,[],RatingAPI_GetFBSRatingIndexInfoV1,CURRENT,,,False,,,"[""SellerRating"",""Рейтинг продавца""]",,,,[]
ozon_seller,POST,/v1/rating/index/fbs/posting/list,[],RatingAPI_ListFBSRatingIndexPostingsV1,CURRENT,,,False,,,"[""SellerRating"",""Рейтинг продавца""]",,,,[]
ozon_seller,POST,/v1/rating/summary,[],RatingAPI_RatingSummaryV1,CURRENT,,,False,,,"[""SellerRating"",""Рейтинг продавца""]",,,,[]
ozon_seller,POST,/v1/receipts/get,[],GetReceipt,CURRENT,,,False,,,"[""Receipt"",""Чеки""]",,,,[]
ozon_seller,POST,/v1/receipts/seller/list,[],ReceiptsSellerList,CURRENT,,,False,,,"[""Receipt"",""Чеки""]",,,,[]
ozon_seller,POST,/v1/receipts/upload,[],UploadReceipt,CURRENT,,,False,,,"[""Receipt"",""Чеки""]",,,,[]
ozon_seller,POST,/v1/removal/from-stock/list,[],GetSupplierReturnsSummaryReport,CURRENT,,,False,,,"[""BetaMethod"",""Прочие методы""]",,,,[]
ozon_seller,POST,/v1/removal/from-supply/list,[],GetSupplyReturnsSummaryReport,CURRENT,,,False,,,"[""BetaMethod"",""Прочие методы""]",,,,[]
ozon_seller,POST,/v1/report/discounted/create,[],ReportAPI_CreateDiscountedReport,CURRENT,,,False,,,"[""ReportAPI"",""Отчёты""]",,,,[]
ozon_seller,POST,/v1/report/info,[],ReportAPI_ReportInfo,CURRENT,,,False,,,"[""ReportAPI"",""Отчёты""]",,,,[]
ozon_seller,POST,/v1/report/list,[],ReportAPI_ReportList,CURRENT,,,False,,,"[""ReportAPI"",""Отчёты""]",,,,[]
ozon_seller,POST,/v1/report/marked-products-sales/create,[],CreateCompanyMarkedProductsSalesReport,CURRENT,,,False,,,"[""ReportAPI"",""Отчёты""]",,,,[]
ozon_seller,POST,/v1/report/placement/by-products/create,[],CreatePlacementByProductsReport,CURRENT,,,False,,,"[""ReportAPI"",""Отчёты""]",,,,[]
ozon_seller,POST,/v1/report/placement/by-supplies/create,[],CreatePlacementBySuppliesReport,CURRENT,,,False,,,"[""ReportAPI"",""Отчёты""]",,,,[]
ozon_seller,POST,/v1/report/postings/create,[],ReportAPI_CreateCompanyPostingsReport,CURRENT,,,False,,,"[""ReportAPI"",""Отчёты""]",,,,[]
ozon_seller,POST,/v1/report/products/create,[],ReportAPI_CreateCompanyProductsReport,CURRENT,,,False,,,"[""ReportAPI"",""Отчёты""]",,,,[]
ozon_seller,POST,/v1/report/realization/posting/create,[],CreateCompanyFinanceRealizationPostingReport,CURRENT,,,False,,,"[""BetaMethod"",""Прочие методы""]",,,,[]
ozon_seller,POST,/v1/report/warehouse/stock,[],ReportAPI_CreateStockByWarehouseReport,CURRENT,,,False,,,"[""ReportAPI"",""Отчёты""]",,,,[]
ozon_seller,POST,/v1/return/giveout/barcode,[],ReturnAPI_GiveoutGetBarcode,CURRENT,,,False,,,"[""ReturnAPI"",""Возвратные отгрузки""]",,,,[]
ozon_seller,POST,/v1/return/giveout/barcode-reset,[],ReturnAPI_GiveoutBarcodeReset,CURRENT,,,False,,,"[""ReturnAPI"",""Возвратные отгрузки""]",,,,[]
ozon_seller,POST,/v1/return/giveout/get-pdf,[],ReturnAPI_GiveoutGetPDF,CURRENT,,,False,,,"[""ReturnAPI"",""Возвратные отгрузки""]",,,,[]
ozon_seller,POST,/v1/return/giveout/get-png,[],ReturnAPI_GiveoutGetPNG,CURRENT,,,False,,,"[""ReturnAPI"",""Возвратные отгрузки""]",,,,[]
ozon_seller,POST,/v1/return/giveout/info,[],ReturnAPI_GiveoutInfo,CURRENT,,,False,,,"[""ReturnAPI"",""Возвратные отгрузки""]",,,,[]
ozon_seller,POST,/v1/return/giveout/is-enabled,[],ReturnAPI_GiveoutIsEnabled,CURRENT,,,False,,,"[""ReturnAPI"",""Возвратные отгрузки""]",,,,[]
ozon_seller,POST,/v1/return/giveout/list,[],ReturnAPI_GiveoutList,CURRENT,,,False,,,"[""ReturnAPI"",""Возвратные отгрузки""]",,,,[]
ozon_seller,POST,/v1/return/pass/create,[],returnPassCreate,CURRENT,,,False,,,"[""Pass"",""Пропуски""]",,,,[]
ozon_seller,POST,/v1/return/pass/delete,[],returnPassDelete,CURRENT,,,False,,,"[""Pass"",""Пропуски""]",,,,[]
ozon_seller,POST,/v1/return/pass/update,[],returnPassUpdate,CURRENT,,,False,,,"[""Pass"",""Пропуски""]",,,,[]
ozon_seller,POST,/v1/returns/company/fbs/info,[],returnsCompanyFBSInfo,CURRENT,,,False,,,"[""ReturnAPI"",""Возвратные отгрузки""]",,,,[]
ozon_seller,POST,/v1/returns/list,[],returnsList,CURRENT,,,False,,,"[""ReturnsAPI"",""Возвраты товаров FBO и FBS""]",,,,[]
ozon_seller,POST,/v1/returns/rfbs/action/set,[],ReturnsAPI_ReturnsRfbsActionSet,CURRENT,,,False,,,"[""RFBSReturnsAPI"",""Возвраты товаров rFBS""]",,,,[]
ozon_seller,POST,/v1/returns/settings/utilization/history,[],UtilizationHistory,CURRENT,,,False,,,"[""ReturnsAPI"",""Возвраты товаров FBO и FBS""]",,,,[]
ozon_seller,POST,/v1/returns/settings/utilization/info,[],UtilizationInfo,CURRENT,,,False,,,"[""ReturnsAPI"",""Возвраты товаров FBO и FBS""]",,,,[]
ozon_seller,POST,/v1/returns/settings/utilization/update,[],UtilizationUpdate,CURRENT,,,False,,,"[""ReturnsAPI"",""Возвраты товаров FBO и FBS""]",,,,[]
ozon_seller,POST,/v1/review/change-status,[],ReviewAPI_ReviewChangeStatus,DEPRECATED,,,True,,,"[""ReviewAPI"",""Работа с отзывами""]",,,,[]
ozon_seller,POST,/v1/review/comment/create,[],ReviewAPI_CommentCreate,CURRENT,,,False,,,"[""ReviewAPI"",""Работа с отзывами""]",,,,[]
ozon_seller,POST,/v1/review/comment/delete,[],ReviewAPI_CommentDelete,DEPRECATED,,,True,,,"[""ReviewAPI"",""Работа с отзывами""]",,,,[]
ozon_seller,POST,/v1/review/comment/list,[],ReviewAPI_CommentList,CURRENT,,,False,,,"[""ReviewAPI"",""Работа с отзывами""]",,,,[]
ozon_seller,POST,/v1/review/count,[],ReviewAPI_ReviewCount,DEPRECATED,,,True,,,"[""ReviewAPI"",""Работа с отзывами""]",,,,[]
ozon_seller,POST,/v1/review/info,[],ReviewAPI_ReviewInfo,DEPRECATED,,,True,,,"[""ReviewAPI"",""Работа с отзывами""]",,,,[]
ozon_seller,POST,/v1/review/list,[],ReviewAPI_ReviewList,DEPRECATED,,,True,,,"[""ReviewAPI"",""Работа с отзывами""]",,,,[]
ozon_seller,POST,/v1/roles,[],AccessAPI_RolesByToken,CURRENT,,,False,,,"[""APIkey"",""Информация по API-ключу""]",,,,[]
ozon_seller,POST,/v1/search-queries/text,[],SearchQueriesAPI_SearchQueriesText,CURRENT,,,False,,,"[""Premium"",""Premium-методы""]",,,,[]
ozon_seller,POST,/v1/search-queries/top,[],SearchQueriesAPI_SearchQueriesTop,CURRENT,,,False,,,"[""Premium"",""Premium-методы""]",,,,[]
ozon_seller,POST,/v1/seller-actions/archive,[],SellerActionsArchive,CURRENT,,,False,,,"[""SellerActions"",""Акции продавца""]",,,,[]
ozon_seller,POST,/v1/seller-actions/change-activity,[],SellerActionsChangeActivity,CURRENT,,,False,,,"[""SellerActions"",""Акции продавца""]",,,,[]
ozon_seller,POST,/v1/seller-actions/create/discount,[],SellerActionsCreateDiscount,CURRENT,,,False,,,"[""SellerActions"",""Акции продавца""]",,,,[]
ozon_seller,POST,/v1/seller-actions/create/discount-with-condition,[],SellerActionsCreateDiscountWithCondition,CURRENT,,,False,,,"[""SellerActions"",""Акции продавца""]",,,,[]
ozon_seller,POST,/v1/seller-actions/create/installment,[],SellerActionsCreateInstallment,CURRENT,,,False,,,"[""SellerActions"",""Акции продавца""]",,,,[]
ozon_seller,POST,/v1/seller-actions/create/multi-level-discount,[],SellerActionsCreateMultiLevelDiscount,CURRENT,,,False,,,"[""SellerActions"",""Акции продавца""]",,,,[]
ozon_seller,POST,/v1/seller-actions/create/voucher,[],SellerActionsCreateVoucher,CURRENT,,,False,,,"[""SellerActions"",""Акции продавца""]",,,,[]
ozon_seller,POST,/v1/seller-actions/list,[],SellerActionsList,CURRENT,,,False,,,"[""SellerActions"",""Акции продавца""]",,,,[]
ozon_seller,POST,/v1/seller-actions/products/add,[],SellerActionsProductsAdd,CURRENT,,,False,,,"[""SellerActions"",""Акции продавца""]",,,,[]
ozon_seller,POST,/v1/seller-actions/products/candidates,[],SellerActionsProductsCandidates,CURRENT,,,False,,,"[""SellerActions"",""Акции продавца""]",,,,[]
ozon_seller,POST,/v1/seller-actions/products/delete,[],SellerActionsProductsDelete,CURRENT,,,False,,,"[""SellerActions"",""Акции продавца""]",,,,[]
ozon_seller,POST,/v1/seller-actions/products/list,[],SellerActionsProductsList,CURRENT,,,False,,,"[""SellerActions"",""Акции продавца""]",,,,[]
ozon_seller,POST,/v1/seller-actions/update/discount,[],SellerActionsUpdateDiscount,CURRENT,,,False,,,"[""SellerActions"",""Акции продавца""]",,,,[]
ozon_seller,POST,/v1/seller-actions/update/discount-with-condition,[],SellerActionsUpdateDiscountWithCondition,CURRENT,,,False,,,"[""SellerActions"",""Акции продавца""]",,,,[]
ozon_seller,POST,/v1/seller-actions/update/installment,[],SellerActionsUpdateInstallment,CURRENT,,,False,,,"[""SellerActions"",""Акции продавца""]",,,,[]
ozon_seller,POST,/v1/seller-actions/update/multi-level-discount,[],SellerActionsUpdateMultiLevelDiscount,CURRENT,,,False,,,"[""SellerActions"",""Акции продавца""]",,,,[]
ozon_seller,POST,/v1/seller-actions/update/voucher,[],SellerActionsUpdateVoucher,CURRENT,,,False,,,"[""SellerActions"",""Акции продавца""]",,,,[]
ozon_seller,POST,/v1/seller-actions/voucher/get,[],SellerActionsVoucherGet,CURRENT,,,False,,,"[""SellerActions"",""Акции продавца""]",,,,[]
ozon_seller,POST,/v1/seller/info,[],SellerAPI_SellerInfo,CURRENT,,,False,,,"[""SellerInfo"",""Информация по кабинету продавца""]",,,,[]
ozon_seller,POST,/v1/seller/ozon-logistics/info,[],SellerAPI_SellerOzonLogisticsInfo,CURRENT,,,False,,,"[""SellerInfo"",""Информация по кабинету продавца""]",,,,[]
ozon_seller,GET,/v1/supplier/available_warehouses,[],SupplierAPI_SupplierAvailableWarehouses,CURRENT,,,False,,,"[""FBO"",""Доставка FBO""]",,,,[]
ozon_seller,POST,/v1/supply-order/act/accept,[],SupplyOrderActAccept,CURRENT,,,False,,,"[""SupplyOrderAPI"",""Работа с актами FBO""]",,,,[]
ozon_seller,POST,/v1/supply-order/act/accept/status,[],SupplyOrderActAcceptStatus,CURRENT,,,False,,,"[""SupplyOrderAPI"",""Работа с актами FBO""]",,,,[]
ozon_seller,POST,/v1/supply-order/act/product/get,[],SupplyOrderActProductGet,CURRENT,,,False,,,"[""SupplyOrderAPI"",""Работа с актами FBO""]",,,,[]
ozon_seller,POST,/v1/supply-order/act/summary/get,[],SupplyOrderActSummaryGet,CURRENT,,,False,,,"[""SupplyOrderAPI"",""Работа с актами FBO""]",,,,[]
ozon_seller,POST,/v1/supply-order/bundle,[],SupplyOrderBundle,CURRENT,,,False,,,"[""FBO"",""Доставка FBO""]",,,,[]
ozon_seller,POST,/v1/supply-order/cancel,[],SupplyOrderAPI_SupplyOrderCancel,CURRENT,,,False,,,"[""FboSupplyRequest"",""Создание и управление заявками на поставку FBO""]",,,,[]
ozon_seller,POST,/v1/supply-order/cancel/status,[],SupplyOrderAPI_SupplyOrderCancelStatus,CURRENT,,,False,,,"[""FboSupplyRequest"",""Создание и управление заявками на поставку FBO""]",,,,[]
ozon_seller,POST,/v1/supply-order/content/update,[],SupplyOrderAPI_SupplyOrderContentUpdate,CURRENT,,,False,,,"[""FboSupplyRequest"",""Создание и управление заявками на поставку FBO""]",,,,[]
ozon_seller,POST,/v1/supply-order/content/update/status,[],SupplyOrderAPI_SupplyOrderContentUpdateStatus,CURRENT,,,False,,,"[""FboSupplyRequest"",""Создание и управление заявками на поставку FBO""]",,,,[]
ozon_seller,POST,/v1/supply-order/content/update/validation,[],SupplyOrderContentUpdateValidation,CURRENT,,,False,,,"[""FboSupplyRequest"",""Создание и управление заявками на поставку FBO""]",,,,[]
ozon_seller,POST,/v1/supply-order/details,[],SupplyOrderAPI_SupplyOrderDetails,CURRENT,,,False,,,"[""FBO"",""Доставка FBO""]",,,,[]
ozon_seller,POST,/v1/supply-order/pass/create,[],SupplyOrderAPI_SupplyOrderPassCreate,CURRENT,,,False,,,"[""FBO"",""Доставка FBO""]",,,,[]
ozon_seller,POST,/v1/supply-order/pass/status,[],SupplyOrderAPI_SupplyOrderPassStatus,CURRENT,,,False,,,"[""FBO"",""Доставка FBO""]",,,,[]
ozon_seller,POST,/v1/supply-order/status/counter,[],SupplyOrderAPI_SupplyOrderStatusCounter,CURRENT,,,False,,,"[""FBO"",""Доставка FBO""]",,,,[]
ozon_seller,POST,/v1/supply-order/timeslot/get,[],SupplyOrderAPI_GetSupplyOrderTimeslots,CURRENT,,,False,,,"[""FBO"",""Доставка FBO""]",,,,[]
ozon_seller,POST,/v1/supply-order/timeslot/status,[],SupplyOrderAPI_GetSupplyOrderTimeslotStatus,CURRENT,,,False,,,"[""FBO"",""Доставка FBO""]",,,,[]
ozon_seller,POST,/v1/supply-order/timeslot/update,[],SupplyOrderAPI_UpdateSupplyOrderTimeslot,CURRENT,,,False,,,"[""FBO"",""Доставка FBO""]",,,,[]
ozon_seller,POST,/v1/warehouse/archive,[],ArchiveWarehouseFBS,CURRENT,,,False,,,"[""WarehouseAPI"",""Работа со складами FBS и rFBS""]",,,,[]
ozon_seller,POST,/v1/warehouse/erfbs/aggregator/create,[],WarehouseERFBSAggregatorCreate,CURRENT,,,False,,,"[""rFBSWarehouseSetup"",""Создание складов rFBS Express и управление ими""]",,,,[]
ozon_seller,POST,/v1/warehouse/erfbs/aggregator/delivery-method/update,[],WarehouseERFBSAggregatorDeliveryMethodUpdate,CURRENT,,,False,,,"[""rFBSWarehouseSetup"",""Создание складов rFBS Express и управление ими""]",,,,[]
ozon_seller,POST,/v1/warehouse/erfbs/non-integrated/create,[],WarehouseERFBSNonIntegratedCreate,CURRENT,,,False,,,"[""rFBSWarehouseSetup"",""Создание складов rFBS Express и управление ими""]",,,,[]
ozon_seller,POST,/v1/warehouse/erfbs/non-integrated/delivery-method/update,[],WarehouseERFBSNonIntegratedDeliveryMethodUpdate,CURRENT,,,False,,,"[""rFBSWarehouseSetup"",""Создание складов rFBS Express и управление ими""]",,,,[]
ozon_seller,POST,/v1/warehouse/erfbs/update,[],WarehouseERFBSUpdate,CURRENT,,,False,,,"[""rFBSWarehouseSetup"",""Создание складов rFBS Express и управление ими""]",,,,[]
ozon_seller,POST,/v1/warehouse/fbo/list,[],SupplyDraftAPI_DraftGetWarehouseFboList,CURRENT,,,False,,,"[""FboSupplyRequest"",""Создание и управление заявками на поставку FBO""]",,,,[]
ozon_seller,POST,/v1/warehouse/fbo/seller/list,[],WarehouseFboSellerList,CURRENT,,,False,,,"[""FboSupplyRequest"",""Создание и управление заявками на поставку FBO""]",,,,[]
ozon_seller,POST,/v1/warehouse/fbs/create,[],WarehouseAPI_CreateWarehouseFBS,CURRENT,,,False,,,"[""FBSWarehouseSetup"",""Создание FBS-складов и управление ими""]",,,,[]
ozon_seller,POST,/v1/warehouse/fbs/create/drop-off/list,[],WarehouseAPI_ListDropOffPointsForCreateFBSWarehouse,CURRENT,,,False,,,"[""FBSWarehouseSetup"",""Создание FBS-складов и управление ими""]",,,,[]
ozon_seller,POST,/v1/warehouse/fbs/create/drop-off/timeslot/list,[],WarehouseFbsCreateDropOffTimeslotList,CURRENT,,,False,,,"[""FBSWarehouseSetup"",""Создание FBS-складов и управление ими""]",,,,[]
ozon_seller,POST,/v1/warehouse/fbs/create/pick-up/timeslot/list,[],WarehouseFbsCreatePickUpTimeslotList,CURRENT,,,False,,,"[""FBSWarehouseSetup"",""Создание FBS-складов и управление ими""]",,,,[]
ozon_seller,POST,/v1/warehouse/fbs/create/return-point/list,[],WarehouseFBSCreateReturnPointList,CURRENT,,,False,,,"[""FBSWarehouseSetup"",""Создание FBS-складов и управление ими""]",,,,[]
ozon_seller,POST,/v1/warehouse/fbs/first-mile/update,[],UpdateWarehouseFBSFirstMile,CURRENT,,,False,,,"[""FBSWarehouseSetup"",""Создание FBS-складов и управление ими""]",,,,[]
ozon_seller,POST,/v1/warehouse/fbs/pickup/courier/cancel,[],WarehouseFbsPickUpCourierCancel,CURRENT,,,False,,,"[""FBSWarehouseSetup"",""Создание FBS-складов и управление ими""]",,,,[]
ozon_seller,POST,/v1/warehouse/fbs/pickup/courier/create,[],WarehouseFbsPickUpCourierCreate,CURRENT,,,False,,,"[""FBSWarehouseSetup"",""Создание FBS-складов и управление ими""]",,,,[]
ozon_seller,POST,/v1/warehouse/fbs/pickup/history/list,[],WarehouseFbsPickUpHistoryList,CURRENT,,,False,,,"[""FBSWarehouseSetup"",""Создание FBS-складов и управление ими""]",,,,[]
ozon_seller,POST,/v1/warehouse/fbs/pickup/planning/list,[],WarehouseFbsPickUpPlanningList,CURRENT,,,False,,,"[""FBSWarehouseSetup"",""Создание FBS-складов и управление ими""]",,,,[]
ozon_seller,POST,/v1/warehouse/fbs/return-mile/check,[],WarehouseFbsReturnMileCheck,CURRENT,,,False,,,"[""FBSWarehouseSetup"",""Создание FBS-складов и управление ими""]",,,,[]
ozon_seller,POST,/v1/warehouse/fbs/return-mile/info,[],WarehouseFBSReturnMileInfo,CURRENT,,,False,,,"[""FBSWarehouseSetup"",""Создание FBS-складов и управление ими""]",,,,[]
ozon_seller,POST,/v1/warehouse/fbs/update,[],UpdateWarehouseFBS,CURRENT,,,False,,,"[""FBSWarehouseSetup"",""Создание FBS-складов и управление ими""]",,,,[]
ozon_seller,POST,/v1/warehouse/fbs/update/drop-off/list,[],WarehouseAPI_ListDropOffPointsForUpdateFBSWarehouse,CURRENT,,,False,,,"[""FBSWarehouseSetup"",""Создание FBS-складов и управление ими""]",,,,[]
ozon_seller,POST,/v1/warehouse/fbs/update/drop-off/timeslot/list,[],WarehouseFbsUpdateDropOffTimeslotList,CURRENT,,,False,,,"[""FBSWarehouseSetup"",""Создание FBS-складов и управление ими""]",,,,[]
ozon_seller,POST,/v1/warehouse/fbs/update/pick-up/timeslot/list,[],WarehouseFbsUpdatePickUpTimeslotList,CURRENT,,,False,,,"[""FBSWarehouseSetup"",""Создание FBS-складов и управление ими""]",,,,[]
ozon_seller,POST,/v1/warehouse/fbs/update/return-point/list,[],WarehouseFBSUpdateReturnPointList,CURRENT,,,False,,,"[""FBSWarehouseSetup"",""Создание FBS-складов и управление ими""]",,,,[]
ozon_seller,POST,/v1/warehouse/invalid-products/get,[],WarehouseInvalidProductsGet,CURRENT,,,False,,,"[""WarehouseAPI"",""Работа со складами FBS и rFBS""]",,,,[]
ozon_seller,POST,/v1/warehouse/list,[],WarehouseAPI_WarehouseList,CURRENT,,,False,,,"[""WarehouseAPI"",""Работа со складами FBS и rFBS""]",,,,[]
ozon_seller,POST,/v1/warehouse/operation/status,[],GetWarehouseFBSOperationStatus,CURRENT,,,False,,,"[""WarehouseAPI"",""Работа со складами FBS и rFBS""]",,,,[]
ozon_seller,POST,/v1/warehouse/ozon/list,[],WarehouseOZONList,CURRENT,,,False,,,"[""FBOWarehouse"",""Склады FBO""]",,,,[]
ozon_seller,POST,/v1/warehouse/rfbs/pause,[],WarehouseRfbsPause,CURRENT,,,False,,,"[""rFBSWarehouseSetup"",""Создание складов rFBS Express и управление ими""]",,,,[]
ozon_seller,POST,/v1/warehouse/rfbs/unpause,[],WarehouseRfbsUnpause,CURRENT,,,False,,,"[""rFBSWarehouseSetup"",""Создание складов rFBS Express и управление ими""]",,,,[]
ozon_seller,POST,/v1/warehouse/unarchive,[],UnarchiveWarehouseFBS,CURRENT,,,False,,,"[""WarehouseAPI"",""Работа со складами FBS и rFBS""]",,,,[]
ozon_seller,POST,/v1/warehouse/warehouses-with-invalid-products,[],WarehouseWithInvalidProducts,CURRENT,,,False,,,"[""WarehouseAPI"",""Работа со складами FBS и rFBS""]",,,,[]
ozon_seller,POST,/v2/actions/discounts-task/list,[],GetDiscountTaskListV2,CURRENT,,,False,,,"[""BetaMethod"",""Прочие методы""]",,,,[]
ozon_seller,POST,/v2/analytics/stock_on_warehouses,[],AnalyticsAPI_AnalyticsGetStockOnWarehousesV2,CURRENT,,,False,,,"[""AnalyticsAPI"",""Аналитические отчёты""]",,,,[]
ozon_seller,POST,/v2/cargoes/create/info,[],CargoesCreateInfoV2,CURRENT,,,False,,,"[""FboSupplyRequest"",""Создание и управление заявками на поставку FBO""]",,,,[]
ozon_seller,POST,/v2/cargoes/delete,[],CargoesDeleteV2,CURRENT,,,False,,,"[""FBOTransport"",""Работа с транспортными грузоместами FBO""]",,,,[]
ozon_seller,POST,/v2/cargoes/delete/status,[],CargoesDeleteStatusV2,CURRENT,,,False,,,"[""FBOTransport"",""Работа с транспортными грузоместами FBO""]",,,,[]
ozon_seller,POST,/v2/cargoes/get,[],CargoesGetV2,CURRENT,,,False,,,"[""FBOTransport"",""Работа с транспортными грузоместами FBO""]",,,,[]
ozon_seller,POST,/v2/carriage/delivery/list,[],CarriageAPI_CarriageDeliveryListV2,CURRENT,,,False,,,"[""DeliveryFBS"",""Доставка FBS""]",,,,[]
ozon_seller,POST,/v2/chat/read,[],ChatAPI_ChatReadV2,CURRENT,,,False,,,"[""Premium"",""Premium-методы""]",,,,[]
ozon_seller,POST,/v2/cluster/list,[],DraftClusterList,CURRENT,,,False,,,"[""FboSupplyRequest"",""Создание и управление заявками на поставку FBO""]",,,,[]
ozon_seller,POST,/v2/conditional-cancellation/approve,[],CancellationAPI_ConditionalCancellationApproveV2,CURRENT,,,False,,,"[""CancellationAPI"",""Отмены заказов""]",,,,[]
ozon_seller,POST,/v2/conditional-cancellation/list,[],CancellationAPI_GetConditionalCancellationListV2,CURRENT,,,False,,,"[""CancellationAPI"",""Отмены заказов""]",,,,[]
ozon_seller,POST,/v2/conditional-cancellation/reject,[],CancellationAPI_ConditionalCancellationRejectV2,CURRENT,,,False,,,"[""CancellationAPI"",""Отмены заказов""]",,,,[]
ozon_seller,POST,/v2/delivery-method/list,[],WarehouseAPI_DeliveryMethodListV2,CURRENT,,,False,,,"[""WarehouseAPI"",""Работа со складами FBS и rFBS""]",,,,[]
ozon_seller,POST,/v2/delivery/checkout,[],DeliveryCheckout,CURRENT,,,False,,,"[""DeliveryAPI"",""Доставка""]",,,,[]
ozon_seller,POST,/v2/draft/create/info,[],DraftCreateInfo,CURRENT,,,False,,,"[""FboSupplyRequest"",""Создание и управление заявками на поставку FBO""]",,,,[]
ozon_seller,POST,/v2/draft/supply/create,[],DraftSupplyCreate,CURRENT,,,False,,,"[""FboSupplyRequest"",""Создание и управление заявками на поставку FBO""]",,,,[]
ozon_seller,POST,/v2/draft/supply/create/status,[],DraftSupplyCreateStatus,CURRENT,,,False,,,"[""FboSupplyRequest"",""Создание и управление заявками на поставку FBO""]",,,,[]
ozon_seller,POST,/v2/draft/timeslot/info,[],DraftTimeslotInfo,CURRENT,,,False,,,"[""FboSupplyRequest"",""Создание и управление заявками на поставку FBO""]",,,,[]
ozon_seller,POST,/v2/fbs/posting/delivered,[],PostingAPI_FbsPostingDelivered,CURRENT,,,False,,,"[""DeliveryrFBS"",""Доставка rFBS""]",,,,[]
ozon_seller,POST,/v2/fbs/posting/delivering,[],PostingAPI_FbsPostingDelivering,CURRENT,,,False,,,"[""DeliveryrFBS"",""Доставка rFBS""]",,,,[]
ozon_seller,POST,/v2/fbs/posting/last-mile,[],PostingAPI_FbsPostingLastMile,CURRENT,,,False,,,"[""DeliveryrFBS"",""Доставка rFBS""]",,,,[]
ozon_seller,POST,/v2/fbs/posting/tracking-number/set,[],PostingAPI_FbsPostingTrackingNumberSet,CURRENT,,,False,,,"[""DeliveryrFBS"",""Доставка rFBS""]",,,,[]
ozon_seller,POST,/v2/finance/realization,[],FinanceAPI_GetRealizationReportV2,CURRENT,,,False,,,"[""FinanceAPI"",""Финансовые отчёты""]",,,,[]
ozon_seller,POST,/v2/invoice/create-or-update,[],InvoiceAPI_InvoiceCreateOrUpdateV2,CURRENT,,,False,,,"[""SupplierAPI"",""Накладные""]",,,,[]
ozon_seller,POST,/v2/invoice/get,[],invoice_getV2,CURRENT,,,False,,,"[""SupplierAPI"",""Накладные""]",,,,[]
ozon_seller,POST,/v2/order/create,[],OrderAPI_OrderCreate,CURRENT,,,False,,,"[""OrderAPI"",""Заказы""]",,,,[]
ozon_seller,POST,/v2/polygon/bind,[],PolygonBind,CURRENT,,,False,,,"[""PolygonAPI"",""Полигоны""]",,,,[]
ozon_seller,POST,/v2/posting/digital/list,[],PostingDigitalList,CURRENT,,,False,,,"[""BetaMethod"",""Прочие методы""]",,,,[]
ozon_seller,POST,/v2/posting/fbo/get,[],PostingAPI_GetFboPosting,CURRENT,,,False,,,"[""FBO"",""Доставка FBO""]",,,,[]
ozon_seller,POST,/v2/posting/fbo/list,[],PostingAPI_GetFboPostingList,SHUTDOWN,2026-08-31,"{""method"":""POST"",""path"":""/v3/posting/fbo/list""}",True,,,"[""FBO"",""Доставка FBO""]",,,,"[""https://t.me/s/OzonSellerAPI?before=667""]"
ozon_seller,POST,/v2/posting/fbs/act/check-status,[],PostingAPI_PostingFBSActCheckStatus,CURRENT,,,False,,,"[""DeliveryFBS"",""Доставка FBS""]",,,,[]
ozon_seller,POST,/v2/posting/fbs/act/create,[],PostingAPI_PostingFBSActCreate,CURRENT,,,False,,,"[""DeliveryFBS"",""Доставка FBS""]",,,,[]
ozon_seller,POST,/v2/posting/fbs/act/get-barcode,[],PostingAPI_PostingFBSGetBarcode,CURRENT,,,False,,,"[""DeliveryFBS"",""Доставка FBS""]",,,,[]
ozon_seller,POST,/v2/posting/fbs/act/get-barcode/text,[],PostingAPI_PostingFBSGetBarcodeText,CURRENT,,,False,,,"[""DeliveryFBS"",""Доставка FBS""]",,,,[]
ozon_seller,POST,/v2/posting/fbs/act/get-container-labels,[],PostingAPI_PostingFBSActGetContainerLabels,CURRENT,,,False,,,"[""DeliveryFBS"",""Доставка FBS""]",,,,[]
ozon_seller,POST,/v2/posting/fbs/act/get-pdf,[],PostingAPI_PostingFBSGetAct,CURRENT,,,False,,,"[""DeliveryFBS"",""Доставка FBS""]",,,,[]
ozon_seller,POST,/v2/posting/fbs/act/get-postings,[],PostingAPI_ActPostingList,CURRENT,,,False,,,"[""DeliveryFBS"",""Доставка FBS""]",,,,[]
ozon_seller,POST,/v2/posting/fbs/act/list,[],PostingAPI_FbsActList,CURRENT,,,False,,,"[""DeliveryFBS"",""Доставка FBS""]",,,,[]
ozon_seller,POST,/v2/posting/fbs/arbitration,[],PostingAPI_MoveFbsPostingToArbitration,CURRENT,,,False,,,"[""FBS"",""Обработка заказов FBS и rFBS""]",,,,[]
ozon_seller,POST,/v2/posting/fbs/awaiting-delivery,[],PostingAPI_MoveFbsPostingToAwaitingDelivery,CURRENT,,,False,,,"[""FBS"",""Обработка заказов FBS и rFBS""]",,,,[]
ozon_seller,POST,/v2/posting/fbs/cancel,[],PostingAPI_CancelFbsPosting,CURRENT,,,False,,,"[""FBS"",""Обработка заказов FBS и rFBS""]",,,,[]
ozon_seller,POST,/v2/posting/fbs/cancel-reason/list,[],PostingAPI_GetPostingFbsCancelReasonList,CURRENT,,,False,,,"[""FBS"",""Обработка заказов FBS и rFBS""]",,,,[]
ozon_seller,POST,/v2/posting/fbs/digital/act/check-status,[],PostingAPI_PostingFBSDigitalActCheckStatus,DEPRECATED,,,True,,,"[""DeliveryFBS"",""Доставка FBS""]",,,,[]
ozon_seller,POST,/v2/posting/fbs/digital/act/get-pdf,[],PostingAPI_PostingFBSGetDigitalAct,DEPRECATED,,,True,,,"[""DeliveryFBS"",""Доставка FBS""]",,,,[]
ozon_seller,POST,/v2/posting/fbs/get-by-barcode,[],PostingAPI_GetFbsPostingByBarcode,CURRENT,,,False,,,"[""FBS"",""Обработка заказов FBS и rFBS""]",,,,[]
ozon_seller,POST,/v2/posting/fbs/package-label,[],PostingAPI_PostingFBSPackageLabel,CURRENT,,,False,,,"[""FBS"",""Обработка заказов FBS и rFBS""]",,,,[]
ozon_seller,POST,/v2/posting/fbs/package-label/create,[],PostingAPI_CreateLabelBatchV2,CURRENT,,,False,,,"[""FBS"",""Обработка заказов FBS и rFBS""]",,,,[]
ozon_seller,POST,/v2/posting/fbs/product/cancel,[],PostingAPI_CancelFbsPostingProduct,CURRENT,,,False,,,"[""FBS"",""Обработка заказов FBS и rFBS""]",,,,[]
ozon_seller,POST,/v2/posting/fbs/product/country/list,[],PostingAPI_ListCountryProductFbsPostingV2,CURRENT,,,False,,,"[""FBS"",""Обработка заказов FBS и rFBS""]",,,,[]
ozon_seller,POST,/v2/posting/fbs/product/country/set,[],PostingAPI_SetCountryProductFbsPostingV2,CURRENT,,,False,,,"[""FBS"",""Обработка заказов FBS и rFBS""]",,,,[]
ozon_seller,GET,/v2/product/certificate/accordance-types/list,[],CertificateAccordanceTypes,CURRENT,,,False,,,"[""CertificationAPI"",""Сертификаты качества""]",,,,[]
ozon_seller,POST,/v2/product/certificate/create,[],ProductCertificateCreate,CURRENT,,,False,,,"[""BetaMethod"",""Прочие методы""]",,,,[]
ozon_seller,POST,/v2/product/certification/list,[],ProductAPI_ProductCertificationList,CURRENT,,,False,,,"[""CertificationAPI"",""Сертификаты качества""]",,,,[]
ozon_seller,POST,/v2/product/certification/options,[],ProductCertificateOptions,CURRENT,,,False,,,"[""BetaMethod"",""Прочие методы""]",,,,[]
ozon_seller,POST,/v2/product/certification/params,[],ProductCertificateParams,CURRENT,,,False,,,"[""BetaMethod"",""Прочие методы""]",,,,[]
ozon_seller,POST,/v2/product/info/stocks-by-warehouse/fbs,[],ProductAPI_GetProductInfoStocksByWarehouseFbsV2,CURRENT,,,False,,,"[""Prices&StocksAPI"",""Цены и остатки товаров""]",,,,[]
ozon_seller,POST,/v2/product/pictures/info,[],ProductAPI_ProductInfoPicturesV2,CURRENT,,,False,,,"[""ProductAPI"",""Загрузка и обновление товаров""]",,,,[]
ozon_seller,POST,/v2/products/delete,[],ProductAPI_DeleteProducts,CURRENT,,,False,,,"[""ProductAPI"",""Загрузка и обновление товаров""]",,,,[]
ozon_seller,POST,/v2/products/stocks,[],ProductAPI_ProductsStocksV2,CURRENT,,,False,,,"[""Prices&StocksAPI"",""Цены и остатки товаров""]",,,,[]
ozon_seller,POST,/v2/report/returns/create,[],ReportAPI_ReportReturnsCreate,CURRENT,,,False,,,"[""ReportAPI"",""Отчёты""]",,,,[]
ozon_seller,POST,/v2/returns/rfbs/get,[],RFBSReturnsAPI_ReturnsRfbsGetV2,CURRENT,,,False,,,"[""RFBSReturnsAPI"",""Возвраты товаров rFBS""]",,,,[]
ozon_seller,POST,/v2/returns/rfbs/list,[],RFBSReturnsAPI_ReturnsRfbsListV2,CURRENT,,,False,,,"[""RFBSReturnsAPI"",""Возвраты товаров rFBS""]",,,,[]
ozon_seller,POST,/v2/review/change-status,[],ReviewChangeStatusV2,CURRENT,,,False,,,"[""ReviewAPI"",""Работа с отзывами""]",,,,[]
ozon_seller,POST,/v2/review/comment/delete,[],ReviewCommentDeleteV2,CURRENT,,,False,,,"[""ReviewAPI"",""Работа с отзывами""]",,,,[]
ozon_seller,POST,/v2/review/count,[],ReviewCountV2,CURRENT,,,False,,,"[""ReviewAPI"",""Работа с отзывами""]",,,,[]
ozon_seller,POST,/v2/review/info,[],ReviewInfoV2,CURRENT,,,False,,,"[""ReviewAPI"",""Работа с отзывами""]",,,,[]
ozon_seller,POST,/v2/review/list,[],ReviewListV2,CURRENT,,,False,,,"[""ReviewAPI"",""Работа с отзывами""]",,,,[]
ozon_seller,POST,/v2/supply-order/timeslot/list,[],SupplyOrderTimeslotList,CURRENT,,,False,,,"[""FBO"",""Доставка FBO""]",,,,[]
ozon_seller,POST,/v2/warehouse/list,[],WarehouseListV2,CURRENT,,,False,,,"[""WarehouseAPI"",""Работа со складами FBS и rFBS""]",,,,[]
ozon_seller,POST,/v3/chat/history,[],ChatAPI_ChatHistoryV3,CURRENT,,,False,,,"[""ChatAPI"",""Чаты с покупателями""]",,,,[]
ozon_seller,POST,/v3/chat/list,[],ChatAPI_ChatListV3,CURRENT,,,False,,,"[""ChatAPI"",""Чаты с покупателями""]",,,,[]
ozon_seller,POST,/v3/finance/transaction/list,[],FinanceAPI_FinanceTransactionListV3,DEPRECATED,2026-09-08,"[{""method"":""POST"",""path"":""/v1/finance/accrual/postings""},{""method"":""POST"",""path"":""/v1/finance/accrual/types""},{""method"":""POST"",""path"":""/v1/finance/accrual/by-day""}]",False,,,"[""FinanceAPI"",""Финансовые отчёты""]",,,,"[""https://t.me/s/OzonSellerAPI""]"
ozon_seller,POST,/v3/finance/transaction/totals,[],FinanceAPI_FinanceTransactionTotalV3,DEPRECATED,2026-09-08,"[{""method"":""POST"",""path"":""/v1/finance/accrual/postings""},{""method"":""POST"",""path"":""/v1/finance/accrual/types""},{""method"":""POST"",""path"":""/v1/finance/accrual/by-day""}]",False,,,"[""FinanceAPI"",""Финансовые отчёты""]",,,,"[""https://t.me/s/OzonSellerAPI""]"
ozon_seller,POST,/v3/posting/fbo/list,[],PostingFboList,CURRENT,,,False,,,"[""FBO"",""Доставка FBO""]",,,,[]
ozon_seller,POST,/v3/posting/fbs/get,[],PostingAPI_GetFbsPostingV3,CURRENT,,,False,,,"[""FBS"",""Обработка заказов FBS и rFBS""]",,,,[]
ozon_seller,POST,/v3/posting/fbs/list,[],PostingAPI_GetFbsPostingListV3,SHUTDOWN,2026-08-31,"{""method"":""POST"",""path"":""/v4/posting/fbs/list""}",True,,,"[""FBS"",""Обработка заказов FBS и rFBS""]",,,,"[""https://t.me/s/OzonSellerAPI?before=667""]"
ozon_seller,POST,/v3/posting/fbs/unfulfilled/list,[],PostingAPI_GetFbsPostingUnfulfilledList,SHUTDOWN,2026-08-31,"{""method"":""POST"",""path"":""/v4/posting/fbs/unfulfilled/list""}",True,,,"[""FBS"",""Обработка заказов FBS и rFBS""]",,,,"[""https://t.me/s/OzonSellerAPI?before=667""]"
ozon_seller,POST,/v3/posting/multiboxqty/set,[],PostingAPI_PostingMultiBoxQtySetV3,CURRENT,,,False,,,"[""FBS"",""Обработка заказов FBS и rFBS""]",,,,[]
ozon_seller,POST,/v3/product/import,[],ProductAPI_ImportProductsV3,CURRENT,,,False,,,"[""ProductAPI"",""Загрузка и обновление товаров""]",,,,[]
ozon_seller,POST,/v3/product/info/list,[],ProductAPI_GetProductInfoList,CURRENT,,,False,,,"[""ProductAPI"",""Загрузка и обновление товаров""]",,,,[]
ozon_seller,POST,/v3/product/list,[],ProductAPI_GetProductList,CURRENT,,,False,,,"[""ProductAPI"",""Загрузка и обновление товаров""]",,,,[]
ozon_seller,POST,/v3/supply-order/get,[],SupplyOrderGet,CURRENT,,,False,,,"[""FBO"",""Доставка FBO""]",,,,[]
ozon_seller,POST,/v3/supply-order/list,[],SupplyOrderList,CURRENT,,,False,,,"[""FBO"",""Доставка FBO""]",,,,[]
ozon_seller,POST,/v4/posting/fbs/list,[],PostingFbsList,CURRENT,,,False,,,"[""FBS"",""Обработка заказов FBS и rFBS""]",,,,[]
ozon_seller,POST,/v4/posting/fbs/ship,[],PostingAPI_ShipFbsPostingV4,CURRENT,,,False,,,"[""FBS&rFBSMarks"",""Управление кодами маркировки и сборкой заказов для FBS/rFBS""]",,,,[]
ozon_seller,POST,/v4/posting/fbs/ship/package,[],PostingAPI_ShipFbsPostingPackage,CURRENT,,,False,,,"[""FBS&rFBSMarks"",""Управление кодами маркировки и сборкой заказов для FBS/rFBS""]",,,,[]
ozon_seller,POST,/v4/posting/fbs/unfulfilled/list,[],PostingFbsUnfulfilledList,CURRENT,,,False,,,"[""FBS"",""Обработка заказов FBS и rFBS""]",,,,[]
ozon_seller,POST,/v4/product/info/attributes,[],ProductAPI_GetProductAttributesV4,CURRENT,,,False,,,"[""ProductAPI"",""Загрузка и обновление товаров""]",,,,[]
ozon_seller,POST,/v4/product/info/limit,[],ProductAPI_GetUploadQuota,CURRENT,,,False,,,"[""ProductAPI"",""Загрузка и обновление товаров""]",,,,[]
ozon_seller,POST,/v4/product/info/stocks,[],ProductAPI_GetProductInfoStocks,CURRENT,,,False,,,"[""Prices&StocksAPI"",""Цены и остатки товаров""]",,,,[]
ozon_seller,POST,/v5/fbs/posting/product/exemplar/status,[],PostingAPI_FbsPostingProductExemplarStatusV5,CURRENT,,,False,,,"[""FBS&rFBSMarks"",""Управление кодами маркировки и сборкой заказов для FBS/rFBS""]",,,,[]
ozon_seller,POST,/v5/fbs/posting/product/exemplar/validate,[],PostingAPI_FbsPostingProductExemplarValidateV5,CURRENT,,,False,,,"[""FBS&rFBSMarks"",""Управление кодами маркировки и сборкой заказов для FBS/rFBS""]",,,,[]
ozon_seller,POST,/v5/product/info/prices,[],ProductAPI_GetProductInfoPrices,CURRENT,,,False,,,"[""Prices&StocksAPI"",""Цены и остатки товаров""]",,,,[]
ozon_seller,POST,/v6/fbs/posting/product/exemplar/create-or-get,[],PostingAPI_FbsPostingProductExemplarCreateOrGetV6,CURRENT,,,False,,,"[""FBS&rFBSMarks"",""Управление кодами маркировки и сборкой заказов для FBS/rFBS""]",,,,[]
ozon_seller,POST,/v6/fbs/posting/product/exemplar/set,[],PostingAPI_FbsPostingProductExemplarSetV6,CURRENT,,,False,,,"[""FBS&rFBSMarks"",""Управление кодами маркировки и сборкой заказов для FBS/rFBS""]",,,,[]
ozon_performance,GET,/api/client/campaign,"[""api-performance.ozon.ru:443""]",ListCampaigns,CURRENT,,,False,,,"[""Campaign"",""Кампании и рекламируемые объекты""]",,,,[]
ozon_performance,GET,/api/client/campaign/all_sku_promo/activate,"[""api-performance.ozon.ru:443""]",ActivateAllSkuPromoCampaign,CURRENT,,,False,,,"[""Search-Promo"",""Оплата за заказ""]",,,,[]
ozon_performance,GET,/api/client/campaign/all_sku_promo/deactivate,"[""api-performance.ozon.ru:443""]",DeactivateAllSkuPromoCampaign,CURRENT,,,False,,,"[""Search-Promo"",""Оплата за заказ""]",,,,[]
ozon_performance,GET,/api/client/campaign/all_sku_promo/set_bid,"[""api-performance.ozon.ru:443""]",SetAllSkuPromoCampaignBid2,CURRENT,,,False,,,"[""Search-Promo"",""Оплата за заказ""]",,,,[]
ozon_performance,POST,/api/client/campaign/cpc/v2/product,"[""api-performance.ozon.ru:443""]",CreateProductCampaignCPCV2,CURRENT,,,False,,,"[""Ad"",""Оплата за клик""]",,,,[]
ozon_performance,POST,/api/client/campaign/search_promo/carrots/disable,"[""api-performance.ozon.ru:443""]",ExternalCampaign_BatchDisableCarrots4,CURRENT,,,False,,,"[""Search-Promo"",""Оплата за заказ""]",,,,[]
ozon_performance,POST,/api/client/campaign/search_promo/carrots/enable,"[""api-performance.ozon.ru:443""]",ExternalCampaign_BatchEnableCarrots4,CURRENT,,,False,,,"[""Search-Promo"",""Оплата за заказ""]",,,,[]
ozon_performance,POST,/api/client/campaign/search_promo/v2/bids/delete,"[""api-performance.ozon.ru:443""]",ExternalCampaign_DeleteSearchPromoBidsV2,CURRENT,,,False,,,"[""Search-Promo"",""Оплата за заказ""]",,,,[]
ozon_performance,POST,/api/client/campaign/search_promo/v2/bids/set,"[""api-performance.ozon.ru:443""]",ExternalCampaign_SetSearchPromoBidsV2,DEPRECATED,,,True,,,"[""Search-Promo"",""Оплата за заказ""]",,,,[]
ozon_performance,POST,/api/client/campaign/search_promo/v2/products,"[""api-performance.ozon.ru:443""]",ExternalCampaign_ListSearchPromoProductsV2,CURRENT,,,False,,,"[""Search-Promo"",""Оплата за заказ""]",,,,[]
ozon_performance,PATCH,/api/client/campaign/{campaignId},"[""api-performance.ozon.ru:443""]",PatchProductCampaign,CURRENT,,,False,,,"[""Ad"",""Edit"",""Оплата за клик""]",,,,[]
ozon_performance,POST,/api/client/campaign/{campaignId}/activate,"[""api-performance.ozon.ru:443""]",ActivateCampaign,CURRENT,,,False,,,"[""Ad"",""Edit"",""Оплата за клик""]",,,,[]
ozon_performance,POST,/api/client/campaign/{campaignId}/deactivate,"[""api-performance.ozon.ru:443""]",DeactivateCampaign,CURRENT,,,False,,,"[""Ad"",""Edit"",""Оплата за клик""]",,,,[]
ozon_performance,GET,/api/client/campaign/{campaignId}/objects,"[""api-performance.ozon.ru:443""]",ListCampaignObjects,CURRENT,,,False,,,"[""Campaign"",""Кампании и рекламируемые объекты""]",,,,[]
ozon_performance,POST,/api/client/campaign/{campaignId}/products,"[""api-performance.ozon.ru:443""]",AddProducts,CURRENT,,,False,,,"[""Product"",""Товары в Оплате за клик""]",,,,[]
ozon_performance,PUT,/api/client/campaign/{campaignId}/products,"[""api-performance.ozon.ru:443""]",UpdateProducts,CURRENT,,,False,,,"[""Product"",""Товары в Оплате за клик""]",,,,[]
ozon_performance,GET,/api/client/campaign/{campaignId}/products/bids/competitive,"[""api-performance.ozon.ru:443""]",GetProductsCompetitiveBids,CURRENT,,,False,,,"[""Product"",""Товары в Оплате за клик""]",,,,[]
ozon_performance,POST,/api/client/campaign/{campaignId}/products/delete,"[""api-performance.ozon.ru:443""]",DeleteProducts,CURRENT,,,False,,,"[""Product"",""Товары в Оплате за клик""]",,,,[]
ozon_performance,GET,/api/client/campaign/{campaignId}/v2/products,"[""api-performance.ozon.ru:443""]",GetProductsV2,CURRENT,,,False,,,"[""Product"",""Товары в Оплате за клик""]",,,,[]
ozon_performance,GET,/api/client/limits/list,"[""api-performance.ozon.ru:443""]",GetLimitsList,CURRENT,,,False,,,"[""Campaign"",""Кампании и рекламируемые объекты""]",,,,[]
ozon_performance,POST,/api/client/min/sku,"[""api-performance.ozon.ru:443""]",ExternalCampaign_BidBySKU,CURRENT,,,False,,,"[""Campaign"",""Кампании и рекламируемые объекты""]",,,,[]
ozon_performance,GET,/api/client/organisation/vendor_tag,"[""api-performance.ozon.ru:443""]",GetVendorTag,CURRENT,,,False,,,"[""Vendor"",""Аналитика внешнего трафика""]",,,,[]
ozon_performance,GET,/api/client/products_with_bonuses,"[""api-performance.ozon.ru:443""]",ExternalCampaign_ListProductsWithBonuses2,CURRENT,,,False,,,"[""Campaign"",""Кампании и рекламируемые объекты""]",,,,[]
ozon_performance,POST,/api/client/search_promo/bids/recommendation,"[""api-performance.ozon.ru:443""]",ExternalCampaign_GetProductsRecommendedBids,DEPRECATED,,,True,,,"[""Search-Promo"",""Оплата за заказ""]",,,,[]
ozon_performance,POST,/api/client/search_promo/get_cpo_min_bids,"[""api-performance.ozon.ru:443""]",ExternalCampaign_GetCPOMinBids,CURRENT,,,False,,,"[""Search-Promo"",""Оплата за заказ""]",,,,[]
ozon_performance,POST,/api/client/search_promo/product/disable,"[""api-performance.ozon.ru:443""]",ExternalCampaign_BatchDisableProducts,CURRENT,,,False,,,"[""Search-Promo"",""Оплата за заказ""]",,,,[]
ozon_performance,POST,/api/client/search_promo/product/enable,"[""api-performance.ozon.ru:443""]",ExternalCampaign_BatchEnableProducts,CURRENT,,,False,,,"[""Search-Promo"",""Оплата за заказ""]",,,,[]
ozon_performance,POST,/api/client/statistic/orders/generate,"[""api-performance.ozon.ru:443""]",SearchPromoOrdersReportSubmitRequest,CURRENT,,,False,,,"[""Statistics"",""Статистика""]",,,,[]
ozon_performance,POST,/api/client/statistic/products/generate,"[""api-performance.ozon.ru:443""]",SearchPromoProductsReportSubmitRequest,CURRENT,,,False,,,"[""Statistics"",""Статистика""]",,,,[]
ozon_performance,POST,/api/client/statistics,"[""api-performance.ozon.ru:443""]",SubmitRequest,CURRENT,,,False,,,"[""Statistics"",""Статистика""]",,,,[]
ozon_performance,GET,/api/client/statistics/all_sku_promo/orders/generate,"[""api-performance.ozon.ru:443""]",GenerateAllSkuPromoOrdersReport,CURRENT,,,False,,,"[""Statistics"",""Статистика""]",,,,[]
ozon_performance,GET,/api/client/statistics/all_sku_promo/products/generate,"[""api-performance.ozon.ru:443""]",GenerateAllSkuPromoProductsReport,CURRENT,,,False,,,"[""Statistics"",""Статистика""]",,,,[]
ozon_performance,POST,/api/client/statistics/attribution,"[""api-performance.ozon.ru:443""]",AttributionSubmitRequest,CURRENT,,,False,,,"[""Statistics"",""Статистика""]",,,,[]
ozon_performance,GET,/api/client/statistics/campaign/media,"[""api-performance.ozon.ru:443""]",MediaCampaignList,CURRENT,,,False,,,"[""Statistics"",""Статистика""]",,,,[]
ozon_performance,GET,/api/client/statistics/campaign/product,"[""api-performance.ozon.ru:443""]",ProductCampaignList,CURRENT,,,False,,,"[""Statistics"",""Статистика""]",,,,[]
ozon_performance,GET,/api/client/statistics/daily,"[""api-performance.ozon.ru:443""]",GetCampaignDailyStats,CURRENT,,,False,,,"[""Statistics"",""Статистика""]",,,,[]
ozon_performance,GET,/api/client/statistics/expense,"[""api-performance.ozon.ru:443""]",GetCampaignExpense,CURRENT,,,False,,,"[""Statistics"",""Статистика""]",,,,[]
ozon_performance,GET,/api/client/statistics/externallist,"[""api-performance.ozon.ru:443""]",ListReportsExternal,CURRENT,,,False,,,"[""Statistics"",""Статистика""]",,,,[]
ozon_performance,GET,/api/client/statistics/list,"[""api-performance.ozon.ru:443""]",ListReports,CURRENT,,,False,,,"[""Statistics"",""Статистика""]",,,,[]
ozon_performance,POST,/api/client/statistics/phrases,"[""api-performance.ozon.ru:443""]",ExternalStatistics_StatisticsPhrasesSubmitRequest2,CURRENT,,,False,,,"[""Statistics"",""Статистика""]",,,,[]
ozon_performance,POST,/api/client/statistics/products/sku,"[""api-performance.ozon.ru:443""]",SearchPromoProductsSKUStatistics2,CURRENT,,,False,,,"[""Statistics"",""Статистика""]",,,,[]
ozon_performance,GET,/api/client/statistics/report,"[""api-performance.ozon.ru:443""]",DownloadStatistics,CURRENT,,,False,,,"[""Statistics"",""Статистика""]",,,,[]
ozon_performance,POST,/api/client/statistics/video,"[""api-performance.ozon.ru:443""]",VideoCampaignsSubmitRequest,CURRENT,,,False,,,"[""Statistics"",""Статистика""]",,,,[]
ozon_performance,GET,/api/client/statistics/{UUID},"[""api-performance.ozon.ru:443""]",StatisticsCheck,CURRENT,,,False,,,"[""Statistics"",""Статистика""]",,,,[]
ozon_performance,POST,/api/client/vendors/statistics,"[""api-performance.ozon.ru:443""]",VendorStatisticsSubmitRequest,CURRENT,,,False,,,"[""Vendor"",""Аналитика внешнего трафика""]",,,,[]
ozon_performance,GET,/api/client/vendors/statistics/list,"[""api-performance.ozon.ru:443""]",VendorStatisticsListReports,CURRENT,,,False,,,"[""Vendor"",""Аналитика внешнего трафика""]",,,,[]
ozon_performance,GET,/api/client/vendors/statistics/{UUID},"[""api-performance.ozon.ru:443""]",VendorStatisticsCheck,CURRENT,,,False,,,"[""Vendor"",""Аналитика внешнего трафика""]",,,,[]
ozon_performance,POST,/external/api/dynamic_budget,"[""api-performance.ozon.ru:443""]",CalculateDynamicBudget,DEPRECATED,,,True,,,"[""Ad"",""Оплата за клик""]",,,,[]
